1,מגדיל
2,גביית
3,כלכלי
4,בענפי
5,הקרבה
6,דצמבר
7,ינואר
8,בחינת
9,נקודת
10,המוצא
11,סיכון
12,חמישי
13,תחזית
14,חטיבת
15,המחקר
16,מניחה
17,סגרים
18,בטווח
19,הנראה
20,נוספת
21,הייתה
22,עלייה
23,הרחבת
24,השפעה
25,במדדי
26,בחודש
27,ניכרת
28,ירידה
29,אשראי
30,נכנסת
31,ומתוך
32,מערכת
33,פתיחת
34,לקבלת
35,באופן
36,מצוין
37,האמור
38,לשמור
39,ציבור
40,בנקים
41,רשאים
42,לצמצם
43,מהיום
44,ובלבד
45,שיעור
46,לחייב
47,קביעת
48,לאפשר
49,שירות
50,לקבלו
51,יקבעו
52,סניפי
53,התחשב
54,פיזור
55,יכולת
56,יבחנו
57,מסגרת
58,החלטה
59,נקיטת
60,שונים
61,ובכלל
62,הודעה
63,שינוי
64,בהקדם
65,אפשרי
66,בנקאי
67,מחצית
68,שנייה
69,תחילת
70,במהלך
71,נסקרת
72,ולאחר
73,יציאה
74,מהסגר
75,שלישי
76,ונראה
77,שהמשק
78,הביאה
79,אפשרה
80,נרחבת
81,בהמשך
82,התפשט
83,הדלתא
84,חולים
85,חיסון
86,מיעוט
87,לעומת
88,עדיין
89,שוררת
90,ודאות
91,ובפרט
92,בשלהי
93,ריבית
94,הוחלט
95,הפסקת
96,הפעלה
97,הכלים
98,וועדה
99,עיצום
100,השפעת
101,ישראל
102,נרכשו
103,בהתאם
104,החלטת
105,הנותר
106,הוצגו
107,העידו
108,התוצר
109,יחסית
110,מתקרב
111,לרמות
112,שלושת
113,הוטלו
114,רביעי
115,שלווה
116,בסיום
117,הוסרו
118,נותרו
119,אישור
120,מתווה
121,הגדלה
122,תפוצת
123,סגירה
124,שמיים
125,הטבות
126,מהוות
127,הנועד
128,לכשלי
129,רווחה
130,לאורך
131,אחוזי
132,הנמצא
133,שימוש
134,שניתן
135,לראות
136,ארבעה
137,תמיכה
138,גורמי
139,ייצור
140,בתחום
141,פנסיה
142,במטרה
143,ראייה
144,פרטים
145,לחסוך
146,תקופת
147,פרישה
148,ידועה
149,הכנסה
150,להאיץ
151,אכלוס
152,עולים
153,למשוך
154,קרנות
155,תקופה
156,שונות
157,בדיקת
158,כלומר
159,מלוות
160,ירידת
161,רווחי
162,אבטלה
163,הממצא
164,מרכזי
165,שדפוס
166,השתנה
167,מהותי
168,הביאו
169,שיפור
170,ממשלה
171,המעבר
172,העלאת
173,ממסים
174,הגדלת
175,מצבים
176,מחסור
177,ביקוש
178,לצורך
179,ייצוב
180,כלכלה
181,בדומה
182,לדפוס
183,מקובל
184,לתפקד
185,נתוני
186,עבודה
187,לחודש
188,מקדמי
189,הדבקה
190,להיות
191,עוצמת
192,סביבת
193,עומדת
194,קרובה
195,נרשמה
196,הדולר
197,מונחי
198,עדכנה
199,מחירי
200,דירות
201,שנרשם
202,בשנים
203,במגמת
204,שעלול
205,אספקה
206,מרבית
207,גבוהה
208,מיעדי
209,הידוק
210,בעולם
211,כניסת
212,לתחום
213,העלתה
214,שאלות
215,למבנה
216,עתידי
217,במידע
218,שנצבר
219,ביצעו
220,הפעלת
221,ביצוע
222,ולפיה
223,חדשים
224,לעודד
225,תחרות
226,להביא
227,לצרכן
228,כפופה
229,למספר
230,שנאסף
231,מכירה
232,אחרים
233,עבורם
234,שאינם
235,תיבחן
236,סוגיה
237,הנושא
238,בנייד
239,ראשות
240,המשנה
241,אנדרו
242,פרסמה
243,עניין
244,להקמת
245,שיחות
246,גופים
247,הרבים
248,לרבות
249,כניסה
250,משלחת
251,שנתית
252,המטבע
253,אתמול
254,כלכלת
255,תקיים
256,בצורה
257,כוללת
258,איווה
259,שלושה
260,פלורס
261,שאקיל
262,האסאן
263,גרסיה
264,כמידי
265,במגזר
266,תיפגש
267,בכירי
268,ראשית
269,משרדי
270,כללית
271,במספר
272,להשגת
273,יעדים
274,נקבעו
275,איכות
276,סביבה
277,האוצר
278,ייכתב
279,השנתי
280,מפורט
281,מועצת
282,שנהוג
283,מדינה
284,דוחות
285,זוכים
286,תפוצה
287,בשוקי
288,כספים
289,דירוג
290,משקים
291,וואלי
292,ביקור
293,פגישה
294,הנגיד
295,ואנשי
296,מקצוע
297,נדונו
298,יחסים
299,ונערך
300,אודות
301,ספרות
302,והשיח
303,בנושא
304,עובדי
305,מינהל
306,חברות
307,תופעה
308,ממצאי
309,לעמדה
310,לתרום
311,לפחות
312,לשעבר
313,מחברי
314,הנהלה
315,בכירה
316,ניתוח
317,גדולה
318,פיקוח
319,שחברה
320,תשכור
321,נוטות
322,לשכור
323,פועלת
324,מינוי
325,משפיע
326,חיובי
327,קיימת
328,נמצאה
329,עודפת
330,בדרגה
331,תפקיד
332,יורדת
333,שכמות
334,הנהלת
335,החברה
336,שהזמן
337,העובד
338,תחומי
339,עיסוק
340,קשרים
341,המגזר
342,טלטלה
343,אגרות
344,נצפתה
345,צעדים
346,נבחנו
347,חלוקה
348,פגיעה
349,חמורה
350,נעשתה
351,בחינה
352,ישירה
353,בוחנת
354,ביטוי
355,מדדים
356,לשלוש
357,בשלוש
358,מתפקד
359,נדרשת
360,מספקת
361,תיתכן
362,דוגמה
363,בעלות
364,העסקה
365,לקנות
366,למכור
367,במחיר
368,המשקף
369,יסודי
370,מכירת
371,בעיית
372,באמצע
373,לוותה
374,קונים
375,איזון
376,תמונה
377,העולה
378,המשבר
379,זוהתה
380,שעולה
381,משתקף
382,מרווח
383,קנייה
384,טובים
385,ביותר
386,תואמת
387,מחזקת
388,הערכה
389,שילמו
390,שמדדי
391,העלות
392,כאמור
393,בהיבט
394,כללות
395,למרות
396,מראים
397,במחקר
398,שנערך
399,ניכוי
400,הקצרה
401,שהקשר
402,נמוכה
403,בהבנה
404,שכתבו
405,נמרוד
406,ריבון
407,ומיקי
408,שיתוף
409,במאגר
410,הכולל
411,לשנים
412,לבחון
413,מושפע
414,באותה
415,פעולה
416,נושאי
417,לעלות
418,עולמי
419,קצרות
420,ועולה
421,מקורן
422,החממה
423,מיצור
424,צמצום
425,נטולי
426,פליטה
427,שילוב
428,שניים
429,דוגמא
430,נסועה
431,פרטית
432,מאיות
433,רכבים
434,להגיע
435,לשבעה
436,טעינה
437,חוקית
438,ייעשה
439,שערכו
440,ליאור
441,ויוסי
442,ועתיד
443,בקרוב
444,טביעת
445,טיפול
446,מצביע
447,פליטת
448,בהיקף
449,החשמל
450,וחלקו
451,זיהום
452,הנובע
453,הסדרי
454,ילדים
455,שאינן
456,מטופל
457,הורים
458,כשליש
459,רישום
460,הטובה
461,ממוצע
462,מכריע
463,נרשמו
464,העדפה
465,משפחה
466,סיבות
467,ציינו
468,סקרים
469,נועדו
470,ללמוד
471,מגיפת
472,התאמה
473,לזהות
474,חולקו
475,המחיר
476,מפוקח
477,מוענק
478,סבסוד
479,זכאים
480,נערכו
481,בעיקר
482,שאינה
483,חרדית
484,ערבית
485,בכרבע
486,נעזרו
487,מהסוג
488,והשאר
489,חלקית
490,ועומד
491,ששולם
492,למחיר
493,מסתכם
494,מהסקר
495,ומשום
496,ההטבה
497,שיקול
498,בחירת
499,בחירה
500,הגבוה
501,נפוצה
502,יושמה
503,הדרגה
504,טיסות
505,תעופה
506,המשיך
507,לגדול
508,תרומה
509,הגברת
510,שהיקף
511,בשנות
512,ממשלת
513,ניהלה
514,הסכמי
515,שכללו
516,קווים
517,מוביל
518,מוצעת
519,איחוד
520,קידום
521,במענה
522,פנייה
523,תהליך
524,יישום
525,וממנה
526,הסירה
527,הצרכן
528,במידה
529,בזכות
530,הפחתת
531,תוצאה
532,מספרן
533,גידול
534,הודות
535,ריאלי
536,אמידת
537,להגעה
538,מהירה
539,לייחס
540,צמיחת
541,בסופו
542,והיקף
543,הוצאה
544,הגדול
545,רכישת
546,נכסים
547,הציבה
548,עליית
549,בעשור
550,אחרון
551,הדיור
552,הצורך
553,בכלים
554,וינון
555,שתרמו
556,בנייה
557,ארוכת
558,מחזור
559,ונמשך
560,עשרים
561,שבקצה
562,המדגם
563,נוכחי
564,הבולט
565,באיור
566,וניכר
567,שדומה
568,לשיאי
569,סטיות
570,שיווי
571,המשקל
572,הטווח
573,הארוך
574,לאמוד
575,מתבסס
576,ונסמך
577,ממודל
578,בסיסי
579,תמחור
580,הדירה
581,והיצע
582,העודף
583,הקיים
584,סטייה
585,מערכן
586,הנגזר
587,והפער
588,בפועל
589,בניית
590,מכרעת
591,ומאיץ
592,עקומת
593,מאיצה
594,מואצת
595,לעודף
596,מסוים
597,מצרכי
598,לדיור
599,ובקצה
600,אומדן
601,השנים
602,שקדמו
603,תומכת
604,מסקנה
605,לתנאי
606,סיכום
607,שלאחר
608,אפסית
609,מתונה
610,שתמכו
611,זעזוע
612,עוצמה
613,השפיע
614,הבניה
615,נפגעה
616,במשקי
617,אופיו
618,הזמני
619,לגזור
620,לקשרי
621,חולפת
622,מציעה
623,כיוון
624,מיועד
625,כוחות
626,תתבהר
627,המעקב
628,השוטף
629,שמירה
630,זיהוי
631,ניטור
632,עבודת
633,בוצעה
634,ונועם
635,חיפוש
636,תשואה
637,מימון
638,היסוד
639,החזוי
640,השקעה
641,בעתות
642,הגדיל
643,להסבר
644,חיזוק
645,מגמות
646,שאחרי
647,למדים
648,עליות
649,צבירה
650,תורמת
651,עלולה
652,פיתחו
653,ביסוס
654,מיתון
655,ניכרה
656,שולבה
657,ננקטו
658,קבוצת
659,המקרו
660,צרכני
661,ממספר
662,הובלת
663,דומים
664,שותפו
665,חברים
666,נותחו
667,משותף
668,קובעי
669,נסיון
670,הורדה
671,מקביל
672,בנוסף
673,למזער
674,לווים
675,משתנה
676,כוונו
677,הגבלת
678,חשיפה
679,רשימה
680,המלאה
681,רכיבי
682,צמצמו
683,ומנגד
684,העסקי
685,כצפוי
686,פיגור
687,ונכסי
688,העלאה
689,לעליה
690,מקומי
691,הקלות
692,נתפסה
693,מקדים
694,בחצות
695,ולמשך
696,מעדכן
697,שאושר
698,יסגרו
699,מקרוב
700,באיים
701,חינוך
702,מיוחד
703,תיסגר
704,למידה
705,מרחוק
706,מהבית
707,צרכים
708,תוגבל
709,הופחת
710,המותר
711,אנשים
712,ישיבה
713,לפעול
714,נציין
715,חוגים
716,תרבות
717,מכלול
718,מסתמן
719,דומות
720,תזכיר
721,נעריך
722,אפריל
723,ראשון
724,לציין
725,החודש
726,המועד
727,ממילא
728,זינקה
729,חודשי
730,פחותה
731,עסקים
732,וקיום
733,הפחות
734,בגינם
735,צפויה
736,נמצאת
737,סגורה
738,עסקית
739,רגילה
740,בגינו
741,ממשיך
742,רציפה
743,לטווח
744,לנוכח
745,קיומו
746,חריגה
747,חזאים
748,שביטא
749,רבעון
750,ועמדה
751,צמיחה
752,ארבעת
753,ייסוף
754,תכנית
755,עליון
756,והבנק
757,בחזרת
758,הרחבה
759,נמשכת
760,להאטה
761,יסיים
762,דעיכת
763,משרות
764,הוסיף
765,למגמה
766,להעיב
767,קודמת
768,התחזק
769,מתמתן
770,קשיים
771,שרשרת
772,ממונה
773,מחודש
774,כוונה
775,לסיים
776,לפרוש
777,מחליף
778,מהבנק
779,המפקח
780,לצורי
781,הרבות
782,הנרחב
783,ובדגש
784,ויישם
785,שאיפה
786,הצלחה
787,סימון
788,אירוע
789,מייצר
790,אזרחי
791,שצפוי
792,נותני
793,הערכת
794,שבמתן
795,לשכות
796,שפרסם
797,ולסמן
798,המידע
799,יסייע
800,שלילי
801,הנוצר
802,שנוצר
803,לשקול
804,למשקל
805,הראוי
806,סומנו
807,צריכה
808,שיקוף
809,הלקוח
810,יאפשר
811,לעדכן
812,למידע
813,ייפגע
814,ערכנו
815,נכונה
816,יוכלו
817,תשומת
818,מושכל
819,ניתנו
820,בהקשר
821,ליצור
822,דחייה
823,פריסת
824,שהדבר
825,ללווה
826,החזרת
827,שיקים
828,תיאום
829,לפגוע
830,ליטול
831,תנאים
832,יכולה
833,להגנה
834,שליטה
835,בחברה
836,חקיקה
837,אכיפה
838,הסוכן
839,לנדרש
840,הממשל
841,העשור
842,אושרו
843,ההגנה
844,הוקמה
845,מחלקה
846,המשפט
847,מחוזי
848,כללים
849,אסיפה
850,מניות
851,ואושר
852,מאפשר
853,הרשות
854,וכיצד
855,הגורם
856,משאבי
857,אישית
858,חשבון
859,ההנחה
860,עצמאי
861,מיומן
862,תמריץ
863,ניצול
864,חושבו
865,ציוני
866,למדגם
867,נסחרו
868,השערת
869,גורסת
870,בולטת
871,השערה
872,לעשות
873,השווי
874,כערוץ
875,ששימש
876,לעושק
877,הגבלה
878,בשווי
879,יתירה
880,הפחית
881,שימור
882,למחוק
883,ממסחר
884,בורסה
885,נמחקו
886,מחיקה
887,כפויה
888,קבוצה
889,שימשו
890,מחקרי
891,בהגנה
892,אולצו
893,לבחור
894,לגרום
895,להפוך
896,תקדים
897,זינוק
898,דורשי
899,הטילה
900,תנועה
901,בהנחה
902,החמרה
903,בתוצר
904,לאמצע
905,השבתה
906,ענפים
907,ברחבי
908,העולם
909,שלבים
910,עדכנו
911,תגובת
912,וחסרת
913,החדות
914,ושוקי
915,קטנים
916,ערבות
917,עצירה
918,קצרים
919,חישוב
920,נוקטת
921,מגוון
922,תקינה
923,תרחיב
924,תפעיל
925,תעריך
926,מתארך
927,והדבר
928,להשיג
929,ולמתן
930,נוצרה
931,השבתת
932,בקובץ
933,מצורף
934,לבלום
935,לארוך
936,ששררה
937,להיקף
938,המסחר
939,מאמצע
940,ביצוא
941,חומרי
942,עובדה
943,בקושי
944,החזרה
945,איחור
946,מדובר
947,עורכת
948,עדכון
949,לעמוד
950,ולרדת
951,תקציב
952,לתוצר
953,תרחיש
954,ובשלב
955,בחדות
956,פירות
957,ירקות
958,למדוד
959,בהרכב
960,נמשכה
961,בימים
962,לרמתו
963,ייחוד
964,בפרוץ
965,ביתרת
966,בחלקו
967,נפגעו
968,ומשקי
969,החזרי
970,ממצים
971,מגיפה
972,ונקטו
973,הפועל
974,רחבות
975,פיצוי
976,העמדת
977,למגזר
978,ישיבת
979,השתתף
980,בדיון
981,תוספת
982,תמרוץ
983,הוצאו
984,פוטרו
985,שתספק
986,אחרות
987,חבילה
988,וחשוב
989,והאצת
990,יחזרו
991,פגיעת
992,תתמשך
993,וברור
994,השגות
995,החשוב
996,עיצוב
997,מושלם
998,ייושם
999,יצליח
1000,יוכרז
1001,יופעל
1002,הסיוע
1003,אישרה
1004,אובדן
1005,תאפשר
1006,הפחתה
1007,והחוב
1008,למנוע
1009,מתמשך
1010,להאצת
1011,לנהוג
1012,יושלם
1013,לדיון
1014,עמוקה
1015,חזרנו
1016,תוואי
1017,נאותה
1018,נימנע
1019,להבין
1020,תתבסס
1021,עלינו
1022,אנחנו
1023,להניע
1024,גרעון
1025,המבני
1026,תזמון
1027,ייתכן
1028,נקודה
1029,מקוון
1030,נגידי
1031,במפגש
1032,לאומי
1033,שיקום
1034,המפגש
1035,פאואל
1036,הודיע
1037,לנגיד
1038,ומנהל
1039,הובלה
1040,סייעה
1041,חטיבה
1042,פתוחה
1043,הניחה
1044,תשתית
1045,שדרוג
1046,ביצעה
1047,כהונה
1048,מחשוב
1049,אימוץ
1050,ממערך
1051,הוכיח
1052,וסייע
1053,מוקדי
1054,גובשה
1055,פורטל
1056,הציגה
1057,תמונת
1058,מקבלי
1059,ארגון
1060,איגוד
1061,הדגשת
1062,מקומה
1063,כמקור
1064,פינטק
1065,סייבר
1066,קרנית
1067,ניתנה
1068,עשייה
1069,זכיתי
1070,מעורר
1071,השראה
1072,שותפי
1073,מסיים
1074,תחושה
1075,סיפוק
1076,ומודה
1077,האמון
1078,חשובה
1079,לטובת
1080,הוביל
1081,להכרה
1082,מסורה
1083,מרובת
1084,הטמעת
1085,סייעו
1086,לאבנר
1087,צריכת
1088,במעקב
1089,המשקי
1090,שעתית
1091,הגיעה
1092,בשעות
1093,הבוקר
1094,שבתות
1095,אוויר
1096,הקודם
1097,מנטרת
1098,יפרסם
1099,יעדכן
1100,קישור
1101,מוצגת
1102,שהקים
1103,שמובא
1104,בנייר
1105,משקית
1106,לשגרה
1107,אומנם
1108,ארוכה
1109,הימים
1110,בשבוע
1111,שוטפת
1112,ממשבר
1113,שבועי
1114,תקנות
1115,חירום
1116,כרטיס
1117,וצאות
1118,מוצרי
1119,ביגוד
1120,ריהוט
1121,סכומי
1122,שלפני
1123,פרסום
1124,דפוסי
1125,להעיד
1126,אמצעי
1127,תשלום
1128,מהווה
1129,למעשה
1130,שדרכה
1131,מעולם
1132,מזומן
1133,ברורה
1134,מסייע
1135,גיבוש
1136,תרשים
1137,פילוח
1138,יומית
1139,המליץ
1140,למידת
1141,כשתחל
1142,לפרסם
1143,הרצאת
1144,וחברה
1145,דברים
1146,המכון
1147,המצגת
1148,מאקרו
1149,מיקוד
1150,הייטק
1151,הדגיש
1152,והמשך
1153,פוגעת
1154,שכבות
1155,חלשות
1156,נחושה
1157,ליישם
1158,תחזיר
1159,זווית
1160,אמרתי
1161,פעמים
1162,אוהבת
1163,ראינו
1164,תפקוד
1165,לצמוח
1166,לשגשג
1167,בתנאי
1168,ואחרת
1169,מקווה
1170,יתעכב
1171,בהרבה
1172,משימה
1173,במעלה
1174,להמשך
1175,נמשיך
1176,תתמוך
1177,עידוד
1178,הוסבו
1179,הסכום
1180,מירבי
1181,תסייע
1182,בטוחה
1183,נקבעה
1184,אימות
1185,אחידה
1186,בגובה
1187,תהווה
1188,הנמוך
1189,הקלדת
1190,החליט
1191,תבוצע
1192,לקראת
1193,מתקרה
1194,יידרש
1195,הסודי
1196,קירוב
1197,החיוב
1198,המסוף
1199,סליקה
1200,מכשיר
1201,התומך
1202,קבועה
1203,להיום
1204,בסכום
1205,הסכמת
1206,רשתות
1207,שיווק
1208,בסיוע
1209,מובלת
1210,ויותר
1211,מודיע
1212,מאוחר
1213,בכפוף
1214,מקרים
1215,פירוט
1216,באתרי
1217,טלפון
1218,ובאתר
1219,לנקוט
1220,ופנאי
1221,עליהן
1222,הבסיס
1223,למשבר
1224,חציון
1225,שעשוי
1226,הנגיף
1227,מילוי
1228,כיועץ
1229,דוגמת
1230,לסדרת
1231,שגיבש
1232,קהילה
1233,לשישה
1234,מרקחת
1235,ניווט
1236,ומתאר
1237,סוגים
1238,נסיעה
1239,הליכה
1240,ועבור
1241,יתרון
1242,ממדים
1243,וצעדי
1244,תגובה
1245,מיקום
1246,מוצלל
1247,מציין
1248,גינות
1249,תחנות
1250,ההקלה
1251,נהיגה
1252,שהחלה
1253,בכמות
1254,מסמנת
1255,להטלת
1256,שיקפה
1257,בצעדי
1258,ריחוק
1259,חברתי
1260,המעיט
1261,המזון
1262,משקפת
1263,הרגלי
1264,קניות
1265,היינו
1266,מצפים
1267,להסיק
1268,נערוך
1269,ערכים
1270,בעזרת
1271,שטחים
1272,והשטח
1273,הבהיר
1274,השטחת
1275,עקומה
1276,שכולל
1277,הניתן
1278,לנסות
1279,נשווה
1280,במזרח
1281,שבדיה
1282,היומי
1283,לדרום
1284,לזכור
1285,איננה
1286,בהכרח
1287,זמנים
1288,שנקטו
1289,והטלת
1290,בגודל
1291,בדרום
1292,וספגו
1293,מציגה
1294,ננקטה
1295,השבדי
1296,שפוגע
1297,דיווח
1298,מפעיל
1299,בקשיי
1300,שפגעו
1301,התקין
1302,לתמוך
1303,יתרות
1304,גולמי
1305,מוסבר
1306,שערוך
1307,מאידך
1308,הפרטי
1309,שאומץ
1310,דחיית
1311,כסיוע
1312,ובעלי
1313,נקלעו
1314,לקושי
1315,בהחזר
1316,שנטלו
1317,היקפי
1318,המגפה
1319,לסייע
1320,למשקי
1321,דרסטי
1322,שנכפה
1323,מעודד
1324,מגזרי
1325,מצטבר
1326,לצלוח
1327,ניהול
1328,אחראי
1329,לייצר
1330,בלגיה
1331,זילנד
1332,הולנד
1333,גורפת
1334,ולמצב
1335,אומצו
1336,שגובש
1337,ומוצג
1338,מרכיב
1339,חיוני
1340,שנזקק
1341,הדומה
1342,חבילת
1343,מפקחת
1344,עליהם
1345,יבקשו
1346,בהקלה
1347,תזרים
1348,מברכת
1349,לפועל
1350,הנדרש
1351,שנפגע
1352,מתחלק
1353,בדמות
1354,שהעסק
1355,לסיוע
1356,שנלמד
1357,השלמה
1358,לכלים
1359,לדחות
1360,מגבלה
1361,עמלות
1362,ייגבו
1363,נדחים
1364,יישאו
1365,בחוזה
1366,נטילת
1367,ועסקי
1368,יידחו
1369,להגיש
1370,תאריך
1371,יובהר
1372,יודגש
1373,כרוכה
1374,לחיוב
1375,שיוכל
1376,גובשו
1377,שמוצג
1378,בנספח
1379,שנמצא
1380,בהליך
1381,משפטי
1382,מסחרי
1383,במידת
1384,יוצעו
1385,פריסה
1386,דחיות
1387,בוצעו
1388,שטומן
1389,בחובו
1390,אפשרו
1391,לפרוס
1392,חובות
1393,בקשות
1394,הוגשו
1395,בשיאו
1396,נגזרו
1397,למאות
1398,ביקשו
1399,לספקי
1400,באופי
1401,ותנאי
1402,מקנים
1403,זכאות
1404,יועדה
1405,נכסיו
1406,הלווה
1407,הנסקר
1408,ודומה
1409,להפרש
1410,שקלול
1411,לגודל
1412,תפוקה
1413,מובהק
1414,מנוכה
1415,המאזן
1416,פדיון
1417,צופים
1418,תמשיך
1419,לסגור
1420,והקלה
1421,מגבלת
1422,קטנות
1423,בקרבת
1424,לדרגה
1425,יצוין
1426,האפקט
1427,צופות
1428,תימצא
1429,הבאים
1430,מענפי
1431,לדווח
1432,הגישה
1433,הקצאת
1434,הודעת
1435,הושלם
1436,במערך
1437,פינוי
1438,שנעשה
1439,ואינם
1440,הגדיר
1441,העוסק
1442,בבקשה
1443,מוקדם
1444,יבטיח
1445,שהגוף
1446,יתחבר
1447,ויספק
1448,תחילה
1449,עמידה
1450,משולב
1451,החמיר
1452,הושבת
1453,ביבוא
1454,באותו
1455,ומיתן
1456,מנהלי
1457,עודכן
1458,מבוטל
1459,בדיקה
1460,שביצע
1461,כיבדה
1462,ביטול
1463,מחויב
1464,לפיכך
1465,מחברת
1466,ליקוי
1467,נמסרה
1468,לחברת
1469,רשאית
1470,קליטת
1471,פעולת
1472,ניגוד
1473,לסעיף
1474,הוראת
1475,קובעת
1476,מנפיק
1477,יחייב
1478,להניח
1479,יוזמה
1480,ללקוח
1481,החוזה
1482,צדדים
1483,ביררה
1484,זהותו
1485,מחזיק
1486,קיבלה
1487,הסכמה
1488,הואיל
1489,סמכות
1490,פקודת
1491,במקרה
1492,איתור
1493,רוחבי
1494,בחברת
1495,אבידן
1496,חוזית
1497,שנקבע
1498,מפורש
1499,וסיום
1500,ועלול
1501,ימשיך
1502,לאכוף
1503,קיומן
1504,לוודא
1505,מפרסם
1506,הרצון
1507,תפיסת
1508,בנוגע
1509,מטרות
1510,לכוון
1511,זרקור
1512,שבוצע
1513,תפיסה
1514,עבורו
1515,החיים
1516,והוגן
1517,הושקה
1518,לעבור
1519,בקלות
1520,רווחת
1521,בבואם
1522,במצגת
1523,ערוצי
1524,שהבנק
1525,בסניף
1526,במוקד
1527,המתנה
1528,הנתון
1529,מחייב
1530,הממשק
1531,עיקרי
1532,בהגעה
1533,לסניף
1534,יצירת
1535,ואילו
1536,ומייל
1537,מתנהל
1538,הוגנת
1539,לעקוב
1540,יחידה
1541,פניות
1542,תלונת
1543,אליהם
1544,בדואר
1545,תיקון
1546,תעריף
1547,העמלה
1548,זיכוי
1549,חויבו
1550,כשבעה
1551,ההחזר
1552,שנגבה
1553,גבייה
1554,הוראה
1555,בכללי
1556,משלוח
1557,המקרה
1558,המכתב
1559,מדואר
1560,המקנה
1561,מייחס
1562,העומד
1563,לרשות
1564,כוונת
1565,אכיפת
1566,החלות
1567,מרחיב
1568,דרישה
1569,להשבת
1570,בעמוד
1571,וועדת
1572,הכנסת
1573,מבוסס
1574,שנגבו
1575,וקורא
1576,דרכים
1577,לגלות
1578,תפעול
1579,ועלות
1580,נוחות
1581,אותות
1582,שהינם
1583,בחוסר
1584,בשגרת
1585,חומות
1586,לנכסי
1587,החזקת
1588,וירדה
1589,נובעת
1590,מסיבת
1591,כיסוי
1592,מספיק
1593,הוזלת
1594,אשתקד
1595,אחזקת
1596,מעלות
1597,ממגמת
1598,נכנסו
1599,נגבות
1600,צולבת
1601,תופחת
1602,נגידת
1603,מהיקף
1604,בכחצי
1605,סופית
1606,לגובה
1607,הערות
1608,מתבקש
1609,לשלוח
1610,כתובת
1611,הדואר
1612,שמשלם
1613,סולקת
1614,מעמלה
1615,הסולק
1616,שמשקף
1617,לסולק
1618,נתונה
1619,מיקוח
1620,נקבעת
1621,תמורה
1622,שסיפק
1623,לגבות
1624,אושרה
1625,שימשה
1626,שנעשו
1627,אמורה
1628,מסכום
1629,בחיוב
1630,מיידי
1631,התקבל
1632,בגינן
1633,ההסדר
1634,שיהיו
1635,במבנה
1636,ייבחן
1637,ובניו
1638,וגבוה
1639,ורכיב
1640,שרמתה
1641,הבטחת
1642,הוכרה
1643,הגענו
1644,שקלים
1645,הפיכה
1646,שטרום
1647,והחוק
1648,ופרסם
1649,המטרה
1650,האחוז
1651,קפיצת
1652,מדרגה
1653,ההגעה
1654,שעברה
1655,המאמץ
1656,השקעת
1657,ומצפה
1658,תימשך
1659,לערוך
1660,מזרחי
1661,טפחות
1662,אקראי
1663,מייצג
1664,גילאי
1665,סבירה
1666,הכללי
1667,בשאלת
1668,המלצה
1669,פערים
1670,נבחנת
1671,ועליה
1672,מומלץ
1673,חוסכת
1674,חכמות
1675,להקיש
1676,רכישה
1677,משיכת
1678,לקבוע
1679,בעצמם
1680,להקים
1681,פיתוח
1682,ותפעל
1683,להפיג
1684,חששות
1685,ממעבר
1686,לעולם
1687,חדשני
1688,מתקדם
1689,יקדמו
1690,יתמכו
1691,הזיוף
1692,קוראת
1693,ומשפר
1694,ולבתי
1695,מהפכת
1696,הפיכת
1697,יזכרו
1698,במעמד
1699,בקופה
1700,שאינו
1701,לשנות
1702,הדביט
1703,חכמים
1704,בטבלה
1705,פשוטה
1706,צירוף
1707,החלפת
1708,באיזו
1709,למצוא
1710,לפנות
1711,בירור
1712,נציבי
1713,נענתה
1714,מבוצע
1715,הפניה
1716,בודדת
1717,עולות
1718,באותן
1719,טופלו
1720,ליותר
1721,פונים
1722,קיבלו
1723,תלונה
1724,יישוב
1725,הכרעה
1726,תיקים
1727,שמפנה
1728,גוברת
1729,רצונו
1730,למצות
1731,הנגשה
1732,סקירה
1733,אותרו
1734,ומידע
1735,אזהרה
1736,בקרות
1737,ואופן
1738,השיבו
1739,לחמשת
1740,מדורג
1741,שחלקו
1742,לחלקו
1743,הפונה
1744,המענה
1745,נמצאו
1746,מתקבל
1747,ולטפל
1748,ובדרך
1749,הפרות
1750,להכיר
1751,העצמה
1752,העצמת
1753,במעבר
1754,שקשור
1755,להגשת
1756,קריאה
1757,ולאתר
1758,הצליח
1759,בעלים
1760,ממועד
1761,ופרטי
1762,תוצאת
1763,שממנה
1764,התברר
1765,מקיפה
1766,טכנית
1767,העברת
1768,קליטה
1769,תשובה
1770,נאספו
1771,טופלה
1772,שקיים
1773,פניית
1774,נפרעו
1775,התקלה
1776,נוגעת
1777,ביטוח
1778,תוקנה
1779,גילוי
1780,לקחים
1781,מופיע
1782,לבדוק
1783,נפטרו
1784,מוגבל
1785,אופסה
1786,צורפו
1787,מסלול
1788,וקבוע
1789,מותאם
1790,יחסוך
1791,הנחית
1792,מורחב
1793,ומידי
1794,יערכו
1795,יצרפו
1796,משתלם
1797,יקבלו
1798,מתאים
1799,בערוץ
1800,שמבצע
1801,ספקים
1802,ארצית
1803,ליווי
1804,מכלים
1805,עשרות
1806,רואים
1807,הארצי
1808,מלווה
1809,הוצאת
1810,והגנה
1811,ללוות
1812,המשרד
1813,תתבצע
1814,הרצאה
1815,גנרית
1816,תעסוק
1817,מובנה
1818,יעסקו
1819,מעשית
1820,הפקדת
1821,הרשמה
1822,המוקד
1823,הכספי
1824,שהוטל
1825,להטיל
1826,לעיון
1827,ביקשה
1828,לכללי
1829,הסעיף
1830,למועד
1831,ההפרה
1832,תאגיד
1833,בגינה
1834,למעלה
1835,יופחת
1836,יעמוד
1837,מפחית
1838,משמרת
1839,לסכום
1840,סעיפי
1841,תעמוד
1842,לגביו
1843,ביולי
1844,יחולו
1845,לתוקף
1846,יופקד
1847,יכובד
1848,הפקיד
1849,שהשיק
1850,לחזור
1851,יחזור
1852,במקום
1853,הפקדה
1854,ורשות
1855,המסים
1856,פתיחה
1857,הכללת
1858,עבירת
1859,איסור
1860,הלבנת
1861,שפירט
1862,דגשים
1863,דגלים
1864,שחלפה
1865,במכתב
1866,טיוטת
1867,יעביר
1868,שתקבע
1869,הובהר
1870,למכתב
1871,מעריך
1872,חיכוך
1873,טיפלה
1874,הכריע
1875,הגיעו
1876,פתרון
1877,מציאת
1878,הנהיג
1879,להשיב
1880,שבכלל
1881,טיפלו
1882,מתוכן
1883,לפצות
1884,לסיום
1885,הגישו
1886,לערער
1887,תשובת
1888,שככלל
1889,ערעור
1890,כותלי
1891,ומודד
1892,ערנות
1893,הזכות
1894,יחידת
1895,ייצוג
1896,מעניק
1897,המלצת
1898,כסולק
1899,נראות
1900,מעטים
1901,הורדת
1902,הפרדת
1903,שתיים
1904,מסולק
1905,ותומך
1906,למבקש
1907,העניק
1908,והיום
1909,עקבית
1910,הבאות
1911,נעשים
1912,פורסם
1913,סליקת
1914,הסתכם
1915,נסלקו
1916,בעמלה
1917,חמישה
1918,ויניב
1919,החדשה
1920,תוכנה
1921,מתמחה
1922,יתרמו
1923,לסלוק
1924,תשלים
1925,מופקד
1926,לעתים
1927,שכירת
1928,ניתנת
1929,משכיר
1930,למקרה
1931,השוכר
1932,נגרמת
1933,וכולי
1934,ייאלץ
1935,לתמחר
1936,נגבית
1937,הועמד
1938,לעמלה
1939,כנגדה
1940,מגובה
1941,ופניה
1942,דרישת
1943,בעמלת
1944,הטענה
1945,לזכות
1946,שועבד
1947,שלאור
1948,מתמיד
1949,בשורה
1950,לזכאי
1951,משתכן
1952,המענק
1953,מההון
1954,העצמי
1955,כחלון
1956,יצחקי
1957,מביאה
1958,שההון
1959,ממחיר
1960,ולחזק
1961,לבקשת
1962,ולתקן
1963,רוכשי
1964,ייכנס
1965,כזכור
1966,התבסס
1967,לנכון
1968,במענק
1969,מלקוח
1970,הרוכש
1971,במשרד
1972,מנסים
1973,לדירה
1974,הצדקה
1975,נעתרה
1976,זוגות
1977,הוגבל
1978,עדכני
1979,לצפות
1980,הנפקה
1981,סטטוס
1982,המרכז
1983,קנסות
1984,וכונס
1985,סרבני
1986,מתוכם
1987,הוטלה
1988,מניעה
1989,לכלכל
1990,הקשור
1991,סירוב
1992,מוטלת
1993,בסמוך
1994,תיכנס
1995,לצרכי
1996,הסתמך
1997,שהטיל
1998,סורבו
1999,יוצגו
2000,הנפקת
2001,הצגתו
2002,מדריך
2003,חוקים
2004,למדור
2005,טעמים
2006,יינתן
2007,כמובן
2008,צפייה
2009,גלישה
2010,הערוץ
2011,יעקוב
2012,בבסיס
2013,מינוס
2014,מצויה
2015,הגבול
2016,ואילך
2017,המגמה
2018,לשהות
2019,מבטאת
2020,מוסיף
2021,ניטלו
2022,האירו
2023,הליבה
2024,בהשגת
2025,ומצוי
2026,וענפי
2027,מצרפי
2028,למצבם
2029,הציוד
2030,לרמתה
2031,היצוא
2032,עודנה
2033,ליצוא
2034,ויבוא
2035,מתחיל
2036,במקצת
2037,לטרום
2038,בגילי
2039,עודנו
2040,גיוסי
2041,למשרת
2042,שחיקה
2043,מבצעת
2044,ובשנת
2045,ובסוף
2046,המציג
2047,התמדת
2048,מיקשה
2049,הגודל
2050,נחלשת
2051,תתמיד
2052,נותרה
2053,היתרי
2054,שוהים
2055,בשונה
2056,הקושי
2057,קריסת
2058,התמחה
2059,גושים
2060,ייצוא
2061,שבמדד
2062,ורובם
2063,הפתיע
2064,נבלמה
2065,מכללה
2066,ולקחת
2067,כינוס
2068,איריס
2069,פלאטו
2070,שמצאו
2071,ומנעד
2072,שיקשה
2073,לכסות
2074,תקווה
2075,דרמטי
2076,מיזוג
2077,קשייו
2078,קרדיט
2079,סוויס
2080,אסדרה
2081,ראויה
2082,בעידן
2083,וודאי
2084,מגביר
2085,הקצנה
2086,מתפשט
2087,שאותם
2088,לשאול
2089,והמשק
2090,ואמון
2091,מובטח
2092,היעוד
2093,הראשי
2094,חידדו
2095,מקשות
2096,מינוף
2097,נועדה
2098,מצוקת
2099,זמנית
2100,חדלות
2101,למטרה
2102,בנפרד
2103,מפקיד
2104,מוסרי
2105,משמעת
2106,הנשקף
2107,ישיתו
2108,מסוגל
2109,במשבר
2110,לייצב
2111,נטייה
2112,שבעלי
2113,פירמה
2114,מחיקת
2115,המחשה
2116,אזכיר
2117,בשגרה
2118,תקטין
2119,אספקת
2120,תמצית
2121,בעיני
2122,הקשחת
2123,בהחלט
2124,ויתכן
2125,ערערו
2126,שאמון
2127,שיכול
2128,לעזור
2129,יוצרת
2130,הגדרה
2131,פקודה
2132,שמוסד
2133,יקרוס
2134,יצילו
2135,ימלאו
2136,יפוצו
2137,שיהיה
2138,עשירה
2139,ובעלת
2140,שביום
2141,ינזקו
2142,דילמה
2143,המקלה
2144,ומכאן
2145,למעבר
2146,חזקים
2147,בשכבה
2148,מתחים
2149,איננו
2150,משתמע
2151,איתנה
2152,שומרת
2153,פתחתי
2154,מערכי
2155,ולהגן
2156,ולשמר
2157,לכולם
2158,מוצלח
2159,המוצע
2160,להליך
2161,שהמדד
2162,ומעלה
2163,מצוקה
2164,מתואם
2165,הליכי
2166,נכנסה
2167,ומונה
2168,לחיים
2169,במקרי
2170,עומקו
2171,פריון
2172,לפתוח
2173,ההליך
2174,החייב
2175,משתקם
2176,ויוצא
2177,מתמרץ
2178,יישמו
2179,מאמצי
2180,שטיין
2181,ברזני
2182,אופיר
2183,חישבו
2184,בדיני
2185,סובבת
2186,מעידה
2187,מלמדת
2188,התקרב
2189,ושימש
2190,כהסבר
2191,מחמיר
2192,איטית
2193,באותם
2194,הקפאת
2195,מצאנו
2196,בעינם
2197,ההדוק
2198,יוביל
2199,שכאשר
2200,יוצאת
2201,מרסנת
2202,ברמות
2203,מרמות
2204,אפיקי
2205,הניבו
2206,שמספק
2207,גידור
2208,המהיר
2209,בשנאת
2210,ברמתן
2211,שעמדו
2212,הפסדי
2213,מטבעי
2214,המשמש
2215,כמטבע
2216,מדידה
2217,תשואת
2218,החזקה
2219,שקלית
2220,שתכסה
2221,מזעור
2222,רזרבה
2223,הקצאה
2224,נכסית
2225,הוגדל
2226,לקיחה
2227,המתון
2228,במשקל
2229,ולאור
2230,התאמת
2231,המהלך
2232,שולית
2233,מדגיש
2234,החובה
2235,חורגת
2236,תינתן
2237,מבהיר
2238,הגונה
2239,עוסקת
2240,תתקבל
2241,יזומה
2242,חסמים
2243,בקשתן
2244,ולחדד
2245,לגופה
2246,ובקרה
2247,ולבצע
2248,למנות
2249,פשיטת
2250,עיקול
2251,מיופי
2252,ייפוי
2253,שמונה
2254,וניתן
2255,שנכנס
2256,מיופה
2257,ניהלו
2258,מבעלי
2259,רשימת
2260,ימסור
2261,הנמקה
2262,לטענה
2263,תחולת
2264,הגדרת
2265,המקבל
2266,הנאמן
2267,המנהל
2268,כונסת
2269,רשמית
2270,ולצרף
2271,חדשות
2272,שרואה
2273,מחזון
2274,ויוזם
2275,לקיים
2276,יעילה
2277,כתחום
2278,ולקדם
2279,ישפרו
2280,מיטבי
2281,לאורם
2282,בעבור
2283,לאופן
2284,ההולם
2285,מכבדת
2286,מועיל
2287,אנושי
2288,וזמני
2289,עיתוי
2290,ישולב
2291,מרוכז
2292,מהצגת
2293,מיותר
2294,מניעת
2295,הטעיה
2296,המונע
2297,בקבלת
2298,ומונע
2299,גרימת
2300,זימון
2301,תורים
2302,שמערך
2303,יתמוך
2304,חוזרת
2305,לפרטי
2306,המוצר
2307,תפריט
2308,להציע
2309,והסכם
2310,ורמות
2311,הנגיש
2312,ומענה
2313,באמנת
2314,במיום
2315,מועדי
2316,שיכנס
2317,קביעה
2318,וקבלת
2319,בסעיף
2320,הבודק
2321,מחולק
2322,עמודה
2323,נאמדת
2324,לבודד
2325,נדגיש
2326,תושפע
2327,תמהיל
2328,והיחס
2329,חיזוי
2330,מדויק
2331,מתברר
2332,עשויה
2333,עודפי
2334,לחזקה
2335,אמידה
2336,שמקבל
2337,התלוי
2338,במדגם
2339,ביחסי
2340,משתני
2341,חיזקו
2342,לפערי
2343,התיבה
2344,החלשה
2345,בחזרה
2346,ששררו
2347,ורמתה
2348,בתיבה
2349,לעובד
2350,הואצה
2351,התעצם
2352,תרומת
2353,משקלם
2354,הקיפה
2355,בעיות
2356,ייחדה
2357,לנושא
2358,קיימא
2359,בעינו
2360,התרחב
2361,הענפי
2362,נבחין
2363,המבנה
2364,מתבטא
2365,תלויה
2366,ההיצע
2367,ומהצד
2368,הקטנת
2369,התמקד
2370,להוות
2371,וכולל
2372,לכאלה
2373,מילים
2374,גדלים
2375,מעברי
2376,הטבוע
2377,בהיצע
2378,וכושר
2379,התורם
2380,מוריד
2381,ענפית
2382,הפרדה
2383,ניסוח
2384,ממגמה
2385,עשיית
2386,בהסרת
2387,שהקלה
2388,וביתר
2389,נבדוק
2390,הנמדד
2391,המוסף
2392,מועסק
2393,עובדו
2394,המוצג
2395,יציבה
2396,תועדו
2397,שרמות
2398,דלעיל
2399,לענפי
2400,עילית
2401,נהנים
2402,כאחוז
2403,אירוח
2404,איבדו
2405,מעמדם
2406,היחסי
2407,נסיקה
2408,שנבעה
2409,שבבים
2410,המתאם
2411,ייעוץ
2412,הנדסה
2413,ומסחר
2414,ונצבר
2415,הסביר
2416,ללחצי
2417,ההפרש
2418,פנויה
2419,העברה
2420,ונדון
2421,המושג
2422,מוגדר
2423,תיחשב
2424,יוגדר
2425,שקולה
2426,לסטות
2427,השאלה
2428,המקור
2429,בכחול
2430,נתמכה
2431,מאותן
2432,הסיבה
2433,מרמתה
2434,לנבוע
2435,מספקי
2436,חזרתו
2437,שמפני
2438,גודלה
2439,בספרד
2440,מתפלג
2441,לצרוך
2442,להחזר
2443,לשקלל
2444,המחשת
2445,ישתמש
2446,נמנעו
2447,היבוא
2448,שהיצע
2449,מחירו
2450,יצמצם
2451,יגדיל
2452,יפחית
2453,יתמקד
2454,תתמקד
2455,השלמת
2456,לייבא
2457,לצבור
2458,הצטבר
2459,תגדיל
2460,ותעלה
2461,עכשיו
2462,החלקת
2463,פעמית
2464,יעבור
2465,ברביע
2466,שחיקת
2467,בעטיה
2468,לגישה
2469,תעודד
2470,השכלה
2471,ערבים
2472,תיכון
2473,סיכוי
2474,לימוד
2475,בגרות
2476,פלילי
2477,שכיום
2478,ישובי
2479,תלמיד
2480,לרכוש
2481,בישוב
2482,שיטות
2483,בצפון
2484,ערביי
2485,הצפון
2486,הולכת
2487,מרוחק
2488,נושים
2489,תניות
2490,פסיקה
2491,שנתנה
2492,לכפות
2493,ששווי
2494,משווי
2495,היעדר
2496,כפיית
2497,גייסו
2498,שחלקן
2499,שיפרו
2500,שבוחן
2501,להסדר
2502,במצבי
2503,לאותם
2504,חמדני
2505,עברית
2506,יבגני
2507,הגיבו
2508,שלילה
2509,כנראה
2510,מהסדר
2511,מסביר
2512,שסבלו
2513,בסכנה
2514,ורודה
2515,ראיות
2516,לבעלי
2517,מצטרף
2518,לתמרץ
2519,לגייס
2520,נרשמת
2521,במנעד
2522,שוהות
2523,חולשה
2524,חזויה
2525,התגבר
2526,מלחמה
2527,ייקבע
2528,לקובץ
2529,תחתון
2530,מיסוי
2531,שרותי
2532,התמתן
2533,יפעלו
2534,לחצים
2535,בינוי
2536,לינות
2537,ויצוא
2538,מרמתו
2539,לרמתן
2540,מגמתו
2541,הוערך
2542,נגזרת
2543,לקרבת
2544,סיומי
2545,שערים
2546,תובלה
2547,הנמכת
2548,הגביר
2549,מתגבר
2550,והמדד
2551,והעלה
2552,ורמתו
2553,והשקל
2554,לרמתם
2555,נחיתה
2556,שבמרץ
2557,תדרוך
2558,מובנת
2559,אקלים
2560,ונפעל
2561,היבטי
2562,מבחני
2563,קיצון
2564,אזורי
2565,מיחסי
2566,הונית
2567,שהולך
2568,מתעצם
2569,והינו
2570,שמירת
2571,לכלול
2572,כשלים
2573,אבטחת
2574,הינתן
2575,שמשטח
2576,תקיפה
2577,התמדה
2578,מיקור
2579,וחוצת
2580,קיומה
2581,לגרור
2582,אימון
2583,חוזים
2584,לפתיח
2585,קליפת
2586,שמניח
2587,שיעלו
2588,הפאנל
2589,אציין
2590,להפיק
2591,לקחנו
2592,בצוות
2593,שהוקם
2594,באוצר
2595,קיומם
2596,קריסה
2597,לעצמי
2598,מזערי
2599,נפילת
2600,שנלקח
2601,וכחלק
2602,צליחת
2603,מהתיק
2604,הזמין
2605,מוחזק
2606,ממדית
2607,מורכב
2608,ששווה
2609,העמקה
2610,שטוחה
2611,תופעת
2612,וחזרה
2613,גלגול
2614,שולמה
2615,סוקרת
2616,כעבור
2617,צמודה
2618,משיכה
2619,והמצב
2620,הטילו
2621,לאותו
2622,מחסום
2623,קשורה
2624,מתרחב
2625,מאזני
2626,מכמות
2627,לחשוש
2628,גורמת
2629,ייחלש
2630,תיחלש
2631,הבדלי
2632,שמראה
2633,הופכת
2634,תעודת
2635,תעודה
2636,לטופס
2637,ללחוץ
2638,כפתור
2639,יתבקש
2640,משתמש
2641,להזין
2642,פרטיו
2643,במרשם
2644,הזהות
2645,הדרכה
2646,סרטון
2647,באורך
2648,המפרט
2649,לאזרח
2650,לעזרה
2651,מתעקש
2652,ההסבר
2653,כרגיל
2654,לחיצה
2655,יועבר
2656,המכיל
2657,בשלבו
2658,מכילה
2659,שהזין
2660,בטופס
2661,לתפעל
2662,תקלות
2663,מסרון
2664,קולית
2665,מבשרת
2666,הוזנה
2667,חיבור
2668,סיסמה
2669,חלקים
2670,דיוור
2671,ולמלא
2672,דרכון
2673,שרשום
2674,בקופת
2675,נבחרת
2676,להכיל
2677,תווים
2678,סיפרה
2679,חיווי
2680,תופיע
2681,יתקבל
2682,הנייד
2683,לדואר
2684,להסיר
2685,האזור
2686,שליחת
2687,לקרוא
2688,ולאשר
2689,מאמתת
2690,אבטחה
2691,תיאור
2692,נוספה
2693,שגיאה
2694,מחלקת
2695,קרבתו
2696,לנרשם
2697,לנציג
2698,משויך
2699,בתוקף
2700,עונים
2701,יבוצע
2702,הונפק
2703,המספר
2704,מתבצע
2705,לקופת
2706,הרשום
2707,בפנקס
2708,הפנקס
2709,מחורר
2710,ממאגר
2711,שיכון
2712,חלופי
2713,בשאלה
2714,רצויה
2715,מהארץ
2716,בהזנת
2717,להקלט
2718,פטירת
2719,לועזי
2720,האישי
2721,בשנתם
2722,חלופה
2723,בעמדת
2724,ברשות
2725,למשרד
2726,ממשרד
2727,מדינת
2728,הקראה
2729,איפוס
2730,התחלה
2731,האזרח
2732,בממשק
2733,מוקדן
2734,שכחתי
2735,שישלח
2736,ומעבר
2737,מבוקש
2738,ודואר
2739,שליחה
2740,לאשרה
2741,התקנת
2742,שנשלח
2743,מחנות
2744,סריקת
2745,יופיע
2746,לסרוק
2747,הסורק
2748,ייפתח
2749,מתחבר
2750,חסימת
2751,באזור
2752,בעתיד
2753,רגעים
2754,סיסמת
2755,דליפת
2756,בפרטי
2757,למרבה
2758,לאילו
2759,לנייד
2760,הנציג
2761,הבכיר
2762,שחרור
2763,נעילת
2764,תשאול
2765,בעצמו
2766,שאיתם
2767,צילום
2768,שאיתה
2769,שטוען
2770,שרשמו
2771,הרושם
2772,וקריא
2773,נגישה
2774,השחתה
2775,הונאה
2776,פריצת
2777,ידרשו
2778,ויצרו
2779,לחזרה
2780,בשדות
2781,למרשם
2782,הקבוע
2783,נכתבה
2784,הוזנו
2785,ואישר
2786,מאשרת
2787,הטופס
2788,לטעון
2789,רובוט
2790,המייל
2791,לאזור
2792,חסימה
2793,מנהלת
2794,כשרים
2795,נבחרה
2796,שהזנת
2797,אצלנו
2798,תסריט
2799,תחקור
2800,לפניה
2801,דפדפן
2802,האיזה
2803,התקוע
2804,מזוהה
2805,התכנה
2806,התקנה
2807,מקורא
2808,קדימה
2809,הופעת
2810,ונטען
2811,נעשית
2812,מועבר
2813,ניסית
2814,להכנס
2815,הקלדה
2816,פקיעת
2817,מרובה
2818,שגויה
2819,נעילה
2820,מממשק
2821,פירטי
2822,מהקשה
2823,למאגר
2824,באיזה
2825,תוכנת
2826,נקראת
2827,אתחול
2828,בוטלה
2829,גניבה
2830,ננעלה
2831,להזנת
2832,שנמסר
2833,מטרתו
2834,מסירה
2835,ללשכת
2836,קודים
2837,מידית
2838,לכתוב
2839,המנסה
2840,מטעמי
2841,למסור
2842,ולבקש
2843,דורשת
2844,התובע
2845,רשמתי
2846,בלשכת
2847,מאגרי
2848,הגירה
2849,נכשלה
2850,תביעה
2851,המאשר
2852,נערים
2853,נערות
2854,נגנבה
2855,במחשב
2856,למחשב
2857,חלוית
2858,החכמה
2859,לניתן
2860,עבורי
2861,מבוגר
2862,אומנה
2863,הבקשה
2864,דחופה
2865,מקורי
2866,ללשכה
2867,בהגשת
2868,ערכאה
2869,וקיים
2870,עיכוב
2871,בלשכה
2872,מהשעה
2873,האגרה
2874,במועד
2875,להציג
2876,צולמה
2877,קרובי
2878,מקרבה
2879,עמדות
2880,מימוש
2881,חידוש
2882,מוגשת
2883,התוקף
2884,תישלח
2885,הוגשה
2886,הושחת
2887,ולצאת
2888,יוחלט
2889,השחתת
2890,תדרשו
2891,תצהיר
2892,תידרש
2893,למקום
2894,תונפק
2895,לפטור
2896,שמתחת
2897,כשאין
2898,פטירה
2899,קירבה
2900,רפואי
2901,שמועד
2902,שקיבל
2903,לבקשר
2904,יונפק
2905,לנוהל
2906,תוקפו
2907,בשיטה
2908,העמוד
2909,ומספר
2910,מחובר
2911,ניתוק
2912,סריקה
2913,מנציג
2914,בפניה
2915,פרטנר
2916,סלקום
2917,לחיצת
2918,התראה
2919,הצלחת
2920,מתחלף
2921,כמנהל
2922,לקורא
2923,מופנה
2924,פנימה
2925,יקראו
2926,ובשדה
2927,חסרים
2928,לקבצי
2929,בקורא
2930,תרגום
2931,לשפות
2932,עמודי
2933,רוסית
2934,כינוי
2935,לחלקי
2936,למאכל
2937,וסוגי
2938,נתחים
2939,נחליט
2940,תכינו
2941,סטייק
2942,אחסון
2943,כתמים
2944,חומים
2945,נגיעה
2946,מוזרק
2947,מעובד
2948,לעטוף
2949,בשקית
2950,אטומה
2951,בקערת
2952,הפשרה
2953,לשטוף
2954,שטיפת
2955,להפצת
2956,המטבח
2957,ישמיד
2958,פיזית
2959,חיתוך
2960,נשתמש
2961,במשטח
2962,סלטים
2963,אכילה
2964,להכין
2965,בישול
2966,צלייה
2967,מבושל
2968,צינון
2969,לאחסן
2970,צוואר
2971,שייטל
2972,סינטה
2973,לנזיד
2974,צלעות
2975,ריפען
2976,טחינה
2977,ברוסט
2978,קדירה
2979,ולבשר
2980,ברוטב
2981,מדומה
2982,קבבים
2983,לחמין
2984,קשתית
2985,ולצלי
2986,רולדה
2987,אחורי
2988,טיפוח
2989,בשטחי
2990,המרעה
2991,הטבעי
2992,נשמרו
2993,והחלב
2994,עגלים
2995,שופרו
2996,דחיקה
2997,בפרים
2998,גרמני
2999,משטחה
3000,רועות
3001,רעייה
3002,סגירת
3003,צימוח
3004,מעוצה
3005,מינים
3006,רעיית
3007,שיחור
3008,מספוא
3009,לגורם
3010,הפילה
3011,הרועה
3012,מהשטח
3013,פרטני
3014,חופשי
3015,שיטוט
3016,מנוחה
3017,ליקוט
3018,רביצה
3019,במרעה
3020,גמילה
3021,זכרים
3022,נקבות
3023,מפטמה
3024,שחיטה
3025,ודרכי
3026,רכיבה
3027,קדחות
3028,קרצית
3029,דלקות
3030,ריאות
3031,תוצרת
3032,רפתות
3033,ממרום
3034,הגליל
3035,אילות
3036,עמקים
3037,השפלה
3038,הירדן
3039,פרנסה
3040,המספק
3041,מחומר
3042,תוצרי
3043,לוואי
3044,פסולת
3045,צמחית
3046,שלעיל
3047,ומספק
3048,מנוהל
3049,תועלת
3050,לתכנן
3051,מכסות
3052,ולשמש
3053,מועצה
3054,מתוקף
3055,מתאמת
3056,מסתמך
3057,לליטר
3058,ואותו
3059,משלמת
3060,מחלבה
3061,מהיבט
3062,ומקבל
3063,מיוצר
3064,מהחלב
3065,במכון
3066,תנובה
3067,בציוד
3068,וחדיש
3069,ומפרה
3070,מערבי
3071,נציגי
3072,מגדלי
3073,שיפוט
3074,שיאון
3075,הזרעה
3076,אגודה
3077,נוסדה
3078,רגישה
3079,המחלה
3080,נבררה
3081,טופחה
3082,דורות
3083,אחדים
3084,לסגלה
3085,הקשים
3086,ברובן
3087,פריזי
3088,עצמית
3089,בדואי
3090,חוסנו
3091,ובבתי
3092,דירים
3093,האבסה
3094,במזון
3095,עדרים
3096,כבשים
3097,הבוגר
3098,מחוסן
3099,מפוזר
3100,מוערך
3101,ונמצא
3102,מתמדת
3103,היווה
3104,חקלאי
3105,משווק
3106,ברובו
3107,טלאים
3108,טליות
3109,גדיים
3110,עיזים
3111,הערבי
3112,מיובא
3113,נראית
3114,השתנו
3115,לגמרי
3116,בלעדי
3117,ליבוא
3118,שווקו
3119,ניגרת
3120,שתייה
3121,וקשות
3122,עופות
3123,שלוחת
3124,ההטלה
3125,שרובם
3126,הודים
3127,פיטום
3128,רבייה
3129,הכבדה
3130,רביית
3131,פרחים
3132,מתמקד
3133,בחורף
3134,שיחים
3135,שעווה
3136,לסווג
3137,תפרחת
3138,ורדים
3139,בפרחי
3140,למעמד
3141,קישוט
3142,העשרה
3143,וצמחי
3144,גינון
3145,תחליף
3146,חממות
3147,מנותק
3148,השרון
3149,יהודה
3150,בלכיש
3151,השדרה
3152,משתרע
3153,הפתוח
3154,דרומה
3155,חלקות
3156,שעורה
3157,חימצה
3158,חומוס
3159,אבטיח
3160,פיצוח
3161,אגוזי
3162,כותנה
3163,אפונת
3164,אספסת
3165,רודוס
3166,לגוון
3167,מיכון
3168,עיבוד
3169,ייעול
3170,משטרי
3171,ממשקי
3172,השקיה
3173,זבלים
3174,דשנים
3175,הקרקע
3176,הקפדה
3177,ייעלו
3178,הספקי
3179,הפלחה
3180,ריכוז
3181,חלבון
3182,גלוטן
3183,פגעים
3184,מחלות
3185,הצומח
3186,זבלית
3187,פיתחה
3188,קוטלי
3189,עשבים
3190,קיצית
3191,זרעון
3192,ואחוז
3193,מלאים
3194,נביטה
3195,זרעים
3196,קרקפת
3197,עתירי
3198,אוכלי
3199,הדברת
3200,אקלום
3201,אדמות
3202,חיטוי
3203,מלדרה
3204,פקעים
3205,חבלבל
3206,נגעים
3207,הגסים
3208,וזנים
3209,בבוצה
3210,ובזבל
3211,טריים
3212,תזונה
3213,מונעת
3214,מוכתב
3215,מתנאי
3216,ומשאב
3217,סחרור
3218,מהמים
3219,הדגים
3220,מחוות
3221,בעמקי
3222,רצועת
3223,הכרמל
3224,הזרמה
3225,בריכה
3226,צמחים
3227,וחיות
3228,מבוקר
3229,אשדוד
3230,אמנון
3231,מעמקי
3232,וגליל
3233,קפדני
3234,לחווה
3235,סינון
3236,ידיים
3237,ייבוא
3238,ימיים
3239,מבנים
3240,משבים
3241,החוות
3242,הערבה
3243,בשערי
3244,זולים
3245,מוזנח
3246,מנוון
3247,באצות
3248,תאיות
3249,פארמה
3250,תוספי
3251,מתקני
3252,מפותח
3253,בקבוק
3254,מתחום
3255,הבורי
3256,הטמעה
3257,ההזנה
3258,קיצור
3259,הדברה
3260,קירוי
3261,בידוד
3262,נטרול
3263,ומצבי
3264,האבקה
3265,האבקת
3266,למטרת
3267,נזקקת
3268,וצוות
3269,אקרית
3270,דבורת
3271,סובלת
3272,הבעיה
3273,מעביר
3274,ומעקב
3275,הטפיל
3276,למרעה
3277,נטיעת
3278,העשרת
3279,עונות
3280,טרייה
3281,קישוא
3282,תפוחי
3283,אפונה
3284,הישגי
3285,שתענה
3286,צורכי
3287,יעדיה
3288,עריכת
3289,הכשרת
3290,ועדות
3291,חרמון
3292,הדרים
3293,מטעים
3294,ושטחי
3295,פומלו
3296,ולשמן
3297,שלחין
3298,ופקאן
3299,בננות
3300,אפרסק
3301,רימון
3302,וליין
3303,תמרים
3304,קיווי
3305,אנונה
3306,פיטיה
3307,מכרמי
3308,זיתים
3309,בחומר
3310,ריבוי
3311,הפריה
3312,היבול
3313,בזנים
3314,דבורי
3315,אחסנה
3316,וכנות
3317,השבחה
3318,נקלטו
3319,נקיים
3320,בלבול
3321,כרמים
3322,השמדת
3323,גיזום
3324,תאורה
3325,מבמות
3326,לקטיף
3327,ולשפר
3328,מפגעי
3329,והודו
3330,המגיע
3331,שהופך
3332,הופשר
3333,חלקיו
3334,שהעוף
3335,קירור
3336,הקפאה
3337,המקרר
3338,מקפיא
3339,מכוון
3340,במקרר
3341,אריזה
3342,נפרדת
3343,העלול
3344,הקפוא
3345,בקערה
3346,נוזלי
3347,ישפכו
3348,מסביב
3349,ועטוף
3350,יכנסו
3351,טונות
3352,היצור
3353,בנתרן
3354,לרכיב
3355,טיגון
3356,מדגים
3357,אומגה
3358,אפייה
3359,משומר
3360,נסיכת
3361,נילוס
3362,אגמים
3363,סלמון
3364,אשלגן
3365,קיפון
3366,מיבוא
3367,ומדיג
3368,וחוות
3369,כדגים
3370,בשומן
3371,וביוד
3372,שנמכר
3373,מקורו
3374,מצונן
3375,ומשרד
3376,פתיתי
3377,שהקרח
3378,עושים
3379,פלסטי
3380,שאורך
3381,נוודא
3382,בחרנו
3383,מבריק
3384,קמורה
3385,איבדה
3386,קלקול
3387,הרעלה
3388,הרעלת
3389,פירוק
3390,רקמות
3391,ומשמש
3392,מתווך
3393,בעודף
3394,אסטמה
3395,וגורם
3396,פריחה
3397,תפיחה
3398,לסכנת
3399,אמתית
3400,מעבדה
3401,בדגים
3402,ודגים
3403,נראים
3404,לטעמי
3405,זימים
3406,ברקמת
3407,השומן
3408,למקרר
3409,הביתי
3410,הכרחי
3411,ממושך
3412,עיתים
3413,שטיפה
3414,במטבח
3415,ההכנה
3416,לשפשף
3417,בנוזל
3418,ניקוי
3419,צורות
3420,לטעום
3421,בושלו
3422,רוצים
3423,בשנית
3424,כפילה
3425,שלמים
3426,הלברק
3427,השישי
3428,החגים
3429,אחריה
3430,האיים
3431,למזון
3432,מאוזן
3433,כגורם
3434,כשרות
3435,תגביר
3436,ובשוק
3437,לשבוע
3438,מנגיש
3439,ושקוף
3440,מוזמן
3441,מחירם
3442,להיצע
3443,טריות
3444,שפונה
3445,שווקי
3446,גיוון
3447,תאנים
3448,שקדים
3449,נוגדי
3450,חמצון
3451,קרוטן
3452,כמוצר
3453,השיקו
3454,גרייס
3455,בשיטת
3456,שפיצר
3457,דולרי
3458,כתלות
3459,המבקש
3460,השקיע
3461,ולפני
3462,העמדה
3463,לנותן
3464,בחרתם
3465,הזנתם
3466,לטיוב
3467,ודיוק
3468,והפצת
3469,למשטר
3470,דישון
3471,איסוף
3472,ליעוד
3473,הזנים
3474,ומכון
3475,הקימה
3476,בחנות
3477,האציל
3478,לכבוד
3479,השופט
3480,דימוס
3481,זיילר
3482,נזיפה
3483,באילו
3484,הולמת
3485,כרופא
3486,הורשע
3487,עבירה
3488,הסדרת
3489,כלבים
3490,שירכז
3491,יימצא
3492,טענות
3493,הרופא
3494,הלשכה
3495,הצוות
3496,תחליט
3497,נקיטה
3498,לרופא
3499,הנקבל
3500,שמינה
3501,היועץ
3502,ורופא
3503,והרכב
3504,ענייו
3505,יוטלו
3506,במרחב
3507,הכפרי
3508,שהעיר
3509,נוגסת
3510,ולבקר
3511,מהיכן
3512,קרטון
3513,לקרקע
3514,להצגת
3515,ההפקה
3516,יקבים
3517,הסעדה
3518,טיולי
3519,כפרית
3520,קיבוץ
3521,מושבה
3522,תושבי
3523,הערים
3524,לנופש
3525,מהעיר
3526,צפופה
3527,למרחב
3528,גיחות
3529,בסופי
3530,העתיד
3531,נטישת
3532,כשכיר
3533,ישלים
3534,ויאזן
3535,בגישה
3536,המרחב
3537,התחיל
3538,יזמים
3539,בהווה
3540,חיפשו
3541,תכנון
3542,מעמיד
3543,ששייך
3544,מסוכן
3545,הכלאה
3546,ממנהל
3547,הכלבת
3548,לתיבת
3549,שתהיה
3550,נעימה
3551,למטוס
3552,עליכם
3553,הטיסה
3554,לשעות
3555,מסופי
3556,כשהוא
3557,בשלבי
3558,החלמה
3559,מסודר
3560,ואמין
3561,בבעלי
3562,החרמת
3563,מחוסר
3564,והבנה
3565,הבנוי
3566,הזנחה
3567,לעדות
3568,מתרחש
3569,ייבדק
3570,ינקטו
3571,ענישה
3572,עצמות
3573,סימני
3574,מילול
3575,פרווה
3576,נוצות
3577,וכסות
3578,ומזון
3579,ריקים
3580,שטיבם
3581,היכול
3582,והנכם
3583,למוקד
3584,ביצים
3585,מגיעה
3586,המאכל
3587,מוסדר
3588,קלורי
3589,לייתר
3590,תכולת
3591,חלמון
3592,הביצה
3593,ברווז
3594,אפילו
3595,איקרה
3596,המיון
3597,לשווק
3598,אלינו
3599,גדלות
3600,מהרמה
3601,בביצה
3602,כמוכן
3603,כנדרש
3604,ברבים
3605,להעדר
3606,מדפים
3607,תבנית
3608,שלמות
3609,חייבת
3610,חותמת
3611,בתחנת
3612,לכלוך
3613,סדקים
3614,ומיון
3615,יסומן
3616,סימנו
3617,הקטנה
3618,מודפס
3619,משמעו
3620,הבהרה
3621,לענות
3622,לכמות
3623,לזרוק
3624,לאשפה
3625,שבירת
3626,למשטח
3627,לנקות
3628,המשטח
3629,הונחו
3630,הכילה
3631,לאכול
3632,גלידה
3633,מיונז
3634,ובאשר
3635,נחשבת
3636,חיידק
3637,מושמד
3638,למחלה
3639,מסומן
3640,היקפו
3641,הדגרה
3642,ולפקח
3643,הנוגע
3644,ליזום
3645,כחברה
3646,הסדרה
3647,לייעל
3648,ולבסס
3649,האדמה
3650,הוקנו
3651,השבחת
3652,רישוי
3653,לכושר
3654,נשיאה
3655,נדידה
3656,צופני
3657,ייזום
3658,בנגיף
3659,התגלה
3660,תיעשה
3661,השעות
3662,להציב
3663,שלטים
3664,מורים
3665,ושעות
3666,בלבוש
3667,בגדים
3668,גלגלי
3669,ברירה
3670,טבילה
3671,ריסוס
3672,תמיסה
3673,מדבקת
3674,מפרסי
3675,גמלים
3676,צבאים
3677,והבשר
3678,כפועל
3679,במחלה
3680,משפחת
3681,טיפוס
3682,מגנים
3683,הנפוץ
3684,הופיע
3685,בירדן
3686,המזרח
3687,ודרום
3688,ומזרח
3689,ומרכז
3690,למחלת
3691,עונתי
3692,לגבול
3693,לבנון
3694,סוריה
3695,חזירי
3696,חפצים
3697,לנגיף
3698,ולפזר
3699,תאבון
3700,הלשון
3701,לריור
3702,מוגבר
3703,פטמות
3704,קורית
3705,תמותה
3706,חריפה
3707,בשריר
3708,שרירי
3709,לשריר
3710,לאבחן
3711,רדיוס
3712,ההסגר
3713,ולחטא
3714,בורות
3715,רצועה
3716,הטמנת
3717,פסדים
3718,להגנת
3719,תנועת
3720,מעטפת
3721,סיווג
3722,נשימה
3723,נשאים
3724,שנדבק
3725,דכאון
3726,ובעוף
3727,נגיפי
3728,עיכול
3729,מעיים
3730,עיבוי
3731,בצקות
3732,בהטלה
3733,בלהקה
3734,נמקים
3735,איברי
3736,אבחון
3737,קמרון
3738,אירעו
3739,אבחנה
3740,תחקיר
3741,מאיפה
3742,לעצור
3743,לולים
3744,המטפל
3745,ויכול
3746,שבאים
3747,התגלו
3748,חולית
3749,שבחבל
3750,תרופה
3751,בשפעת
3752,ימותו
3753,המדבק
3754,מזהים
3755,ייראו
3756,חלשים
3757,יפחדו
3758,מקרבת
3759,מוכרת
3760,וירוס
3761,עצבים
3762,שיתוק
3763,ואינה
3764,ריפוי
3765,טורפי
3766,עטלפי
3767,חרקים
3768,נמייה
3769,הנכנס
3770,לפחדן
3771,שבדרך
3772,בעליו
3773,לובשת
3774,צורתה
3775,מרוגש
3776,שניכר
3777,בדרכו
3778,ומאבד
3779,האיבר
3780,הנבדק
3781,נערכת
3782,סירוס
3783,עיקור
3784,המחמד
3785,מקטין
3786,לאסוף
3787,כחיית
3788,לחיית
3789,נגועה
3790,במחלת
3791,לנשוך
3792,מתנהג
3793,מוזרה
3794,שימנע
3795,נשיכה
3796,בהסגר
3797,ללכוד
3798,יהווה
3799,הנושך
3800,מראהו
3801,והיכן
3802,בחיית
3803,בריחה
3804,רשותי
3805,וחיית
3806,בנשוך
3807,יוסגר
3808,לתחנת
3809,תצפית
3810,בגופה
3811,ללבוש
3812,כפפות
3813,למכון
3814,בחיות
3815,אכילת
3816,מתחסן
3817,בסתיו
3818,ננשכת
3819,תוקפן
3820,קולות
3821,לאחור
3822,סימור
3823,אחריך
3824,תתערב
3825,השפרץ
3826,לטיול
3827,נוטים
3828,חשופה
3829,לכלבת
3830,נחשפה
3831,תוסגר
3832,מאורת
3833,יחוסן
3834,כמחלת
3835,וקורו
3836,מאורך
3837,הקרוי
3838,אובקס
3839,פותחה
3840,השיטה
3841,ערכות
3842,שוויץ
3843,אנזים
3844,בהרצה
3845,קשירה
3846,נוגדן
3847,הפגום
3848,באדום
3849,ספוגי
3850,שגילה
3851,תישחט
3852,הנדבק
3853,ובגיל
3854,כבדות
3855,שיעול
3856,חרחור
3857,שלשול
3858,וצורה
3859,לחמית
3860,ארצות
3861,אלימה
3862,מטושי
3863,ומוות
3864,לעורר
3865,והפצה
3866,החנקה
3867,בקרקע
3868,תנודה
3869,הזרמת
3870,וחומר
3871,מדידת
3872,מעומס
3873,לגרוע
3874,תמיסת
3875,אמינה
3876,להפקת
3877,דרושה
3878,יזמנו
3879,ניסוי
3880,הדרוש
3881,ומתלה
3882,כלורי
3883,הסידן
3884,דגימת
3885,הוספת
3886,הנוזל
3887,מכסים
3888,שקופה
3889,לטבול
3890,מעליה
3891,שניות
3892,מעבדת
3893,בנווה
3894,שכללה
3895,חנקית
3896,רעילה
3897,החנקן
3898,חנקתי
3899,הסטיק
3900,בחלקה
3901,שירבה
3902,ניידת
3903,כבדים
3904,המבחן
3905,למופע
3906,משמעי
3907,למיין
3908,לתזמן
3909,חנקני
3910,ששיטה
3911,בשביל
3912,נבדקת
3913,נבדקו
3914,בראיה
3915,מחדשת
3916,נחלית
3917,העצים
3918,מבונה
3919,הדייג
3920,ובאגם
3921,מלאכה
3922,הדופן
3923,הקשות
3924,ונגיש
3925,חוסנה
3926,תפוקת
3927,תשומה
3928,להרכב
3929,ומקשה
3930,המנגו
3931,בטטות
3932,החיטה
3933,ענביי
3934,נטיעה
3935,שמיטה
3936,פטמים
3937,וכמות
3938,נמכרו
3939,סופקו
3940,הופצו
3941,דורית
3942,שרגיל
3943,הסמכת
3944,ודמוי
3945,ההכרה
3946,חדירת
3947,המאגר
3948,עריכה
3949,ביעור
3950,פלישה
3951,לנגעי
3952,פרוקי
3953,רגלים
3954,מזיקי
3955,פאונת
3956,האוסף
3957,דינמי
3958,ולריה
3959,מטפלת
3960,השרות
3961,תקשיר
3962,דיגום
3963,שינוע
3964,הזמנת
3965,במייל
3966,שנושא
3967,יוסדר
3968,ויוצג
3969,מאבחן
3970,מיוצא
3971,מפקחי
3972,נמלים
3973,לציון
3974,הגברה
3975,גרעין
3976,פתוגן
3977,מוחמד
3978,זידאן
3979,נותנת
3980,פירוש
3981,לעצמם
3982,לפסול
3983,לנספח
3984,הסמכה
3985,ציונה
3986,דנינו
3987,שרונה
3988,שדרות
3989,הברוש
3990,שאפשר
3991,תבטיח
3992,הרטבת
3993,מאולץ
3994,המסיע
3995,סככות
3996,היממה
3997,חלוקת
3998,במנות
3999,מתזים
4000,משעות
4001,לחכות
4002,שמצבן
4003,לסמוך
4004,הלחות
4005,מצופה
4006,מטילה
4007,תנשום
4008,צינור
4009,סוללה
4010,זרימת
4011,שהרוח
4012,הלחים
4013,ולחות
4014,ועיקר
4015,שישנה
4016,מורשה
4017,הרשאה
4018,למנהל
4019,טפסים
4020,שמשדר
4021,מסירת
4022,תבוטל
4023,מוסמך
4024,יקיים
4025,למחסן
4026,מרפאה
4027,סוסים
4028,והכלב
4029,לסמנו
4030,חתימת
4031,מציאה
4032,במרכז
4033,המסמן
4034,תדרים
4035,שולמו
4036,יגישו
4037,שגילו
4038,הנמנה
4039,ויוכל
4040,הוכחה
4041,הצהיר
4042,הרשעה
4043,חומרה
4044,מהותה
4045,לחדשו
4046,תימסר
4047,כאילו
4048,גזעים
4049,טרייר
4050,אנגלי
4051,השייך
4052,דמיון
4053,מסורס
4054,מעוקר
4055,תקפות
4056,כנהוג
4057,להקלה
4058,יעודד
4059,יוריד
4060,העומס
4061,וישפר
4062,שהגיש
4063,יורכב
4064,בהפרש
4065,והמנה
4066,תוקנו
4067,וקבעו
4068,בכנסת
4069,שילוט
4070,נמכרת
4071,בהמות
4072,שליית
4073,לחלקם
4074,מדבקה
4075,כיתוב
4076,מסמלת
4077,תלווה
4078,ענבים
4079,אינכם
4080,הנחתם
4081,סליחה
4082,למראה
4083,דמויי
4084,חשיבה
4085,לחיות
4086,כלביה
4087,המדעי
4088,שהכלב
4089,מחכים
4090,תאמצו
4091,תקבלו
4092,המקום
4093,אליכם
4094,שחוסן
4095,מתאמי
4096,לייעץ
4097,יפגשו
4098,יאומץ
4099,ויתנו
4100,לחוות
4101,פרידה
4102,ומידת
4103,מסתדר
4104,עמותה
4105,לחתול
4106,תאונה
4107,אילוף
4108,הביתה
4109,שכדאי
4110,וצריך
4111,לבלוע
4112,וחוטי
4113,הפרעה
4114,תביאו
4115,החתול
4116,וודאו
4117,שצריך
4118,גירוד
4119,ארגזי
4120,לחשוף
4121,תנהלו
4122,חוכמה
4123,לדרוש
4124,ישמחו
4125,לחלוק
4126,חייהם
4127,עוקרו
4128,סורסו
4129,מאתנו
4130,הכרוך
4131,ייחום
4132,פציעה
4133,מטרדי
4134,גורים
4135,ימצאו
4136,לגורל
4137,הרדמה
4138,ילמדו
4139,וכללי
4140,שהגור
4141,הופרד
4142,מאימו
4143,רגשית
4144,שיקשו
4145,להרבה
4146,תוכלו
4147,המגדל
4148,אדירה
4149,לאותה
4150,פחוסי
4151,לישון
4152,שיותר
4153,מגלים
4154,חרושת
4155,מעיני
4156,מידות
4157,חשיכה
4158,זוהמה
4159,וצחנה
4160,הוחזק
4161,בכלוב
4162,יתקשה
4163,לכלבה
4164,המלטה
4165,לקונה
4166,במראה
4167,בחתול
4168,יצירה
4169,מישהו
4170,בובות
4171,הרבעה
4172,הרבעת
4173,וחוסר
4174,הדאגה
4175,לתעדף
4176,מקסום
4177,חליפי
4178,כריתה
4179,הקבלת
4180,לעצים
4181,משקלל
4182,יושקע
4183,בעצים
4184,בסכנת
4185,צנרות
4186,וחלקם
4187,יערות
4188,דקלים
4189,גוירה
4190,נוסחה
4191,כריתת
4192,מותרת
4193,בדאגה
4194,יפגעו
4195,פקידי
4196,לכרות
4197,מוחלט
4198,העתקת
4199,ייעוד
4200,שקוטר
4201,מטרים
4202,לפקיד
4203,העתקה
4204,לאמור
4205,מחובת
4206,במתחם
4207,הוכרז
4208,הפטור
4209,מהמין
4210,הכחדה
4211,משתלה
4212,בסקרי
4213,צלמית
4214,תקריב
4215,מומחה
4216,ערוכה
4217,דיירי
4218,בניין
4219,לבקשה
4220,שעליה
4221,תצלום
4222,מספור
4223,מחליט
4224,למוסד
4225,במגרש
4226,צרופת
4227,להכנת
4228,להיתר
4229,מנהלה
4230,התעדה
4231,לבקרה
4232,הקובע
4233,החנות
4234,קטשופ
4235,רטבים
4236,כדומה
4237,המורה
4238,האחיד
4239,אריזת
4240,לצידו
4241,הבקרה
4242,בערכי
4243,והמים
4244,הוכרו
4245,שמפקח
4246,הרשמי
4247,ומוכר
4248,דוגלת
4249,בשלוב
4250,שואפת
4251,ובריא
4252,ששומר
4253,נסמכת
4254,ארוכי
4255,אתגרי
4256,התחום
4257,האופי
4258,בבקעת
4259,נטופה
4260,מגידו
4261,וברמת
4262,הוזלה
4263,במאות
4264,מופחת
4265,יוגדל
4266,כמהין
4267,פאפיה
4268,לבינה
4269,סחורה
4270,מענקי
4271,פישוט
4272,הזרים
4273,פעימה
4274,תוגדל
4275,נזקים
4276,פרמיה
4277,חיסול
4278,שמשרד
4279,יופסק
4280,לאלתר
4281,ונזקי
4282,לעונת
4283,מצעים
4284,יהודי
4285,בהקמת
4286,בהאצת
4287,הזמנה
4288,יוגשו
4289,לחתום
4290,חתימה
4291,מורשי
4292,לעייל
4293,ההגשה
4294,ועומס
4295,תכלול
4296,אוגדן
4297,בגליל
4298,להסכם
4299,מהפקה
4300,ביוני
4301,בכושר
4302,לישוב
4303,המעלה
4304,לפנים
4305,משורת
4306,יועמד
4307,כספית
4308,פותחו
4309,יובאו
4310,שעברו
4311,בנוהל
4312,לווין
4313,לבקרת
4314,משוער
4315,וכפוף
4316,למקור
4317,יוקצה
4318,סיבוב
4319,הריני
4320,ומועד
4321,להגשה
4322,העושה
4323,משלבת
4324,הבינה
4325,צוותי
4326,מרשות
4327,נהלים
4328,נוהלי
4329,ניקוז
4330,יבצעו
4331,לעבוד
4332,יופנו
4333,במחוז
4334,הצבנו
4335,לוחות
4336,שנכפו
4337,מאושר
4338,בעונת
4339,ההלכה
4340,במשקם
4341,בתשרי
4342,באלול
4343,התניה
4344,הנוהל
4345,לחוסר
4346,הספקה
4347,ותוכל
4348,ההצעה
4349,חימום
4350,וחדרי
4351,קניית
4352,מותנה
4353,מחולל
4354,יפורט
4355,דלתות
4356,מיתוג
4357,אשכול
4358,בכללם
4359,מוקצב
4360,יוענק
4361,יבחרו
4362,בחממה
4363,יותנה
4364,למייל
4365,צורפה
4366,תכלית
4367,תמיכת
4368,הורחב
4369,צומצם
4370,מיושם
4371,תישאר
4372,ניקוד
4373,טיפים
4374,זריעה
4375,לזרוע
4376,אדנית
4377,לדאוג
4378,שהמצע
4379,מופרד
4380,מגרפה
4381,החורף
4382,גשמים
4383,ועלתה
4384,מחשבה
4385,קיבצו
4386,הגינה
4387,ביתית
4388,פורחת
4389,קרינה
4390,מקבלת
4391,לייצא
4392,קיטוע
4393,לבניה
4394,שמטבע
4395,מקומם
4396,המתאר
4397,בהיתר
4398,נשענת
4399,מורשת
4400,משיאה
4401,במבני
4402,פרנסת
4403,חצרות
4404,הבשלה
4405,קודמה
4406,ועושה
4407,הפוגע
4408,בליעה
4409,זאבים
4410,כחיות
4411,חוקקו
4412,ממחלת
4413,שהוחל
4414,מלחמת
4415,מהכפר
4416,ננשכו
4417,נפטרה
4418,מכלבת
4419,ננשכה
4420,ירוחם
4421,בוערה
4422,חשוכת
4423,תרכיב
4424,לתנים
4425,יציאת
4426,בכלבת
4427,משנים
4428,חתולי
4429,חוששת
4430,חשודה
4431,כחולה
4432,מהמוח
4433,דגירה
4434,להיפך
4435,לוקים
4436,בדרכם
4437,במיני
4438,החיות
4439,נדירה
4440,ויעלם
4441,להסגר
4442,נמיות
4443,יומתו
4444,הסגרה
4445,תועבר
4446,נמסרת
4447,מספרי
4448,חשיפת
4449,רקבון
4450,ממחלה
4451,שנבעו
4452,שלטון
4453,וצפון
4454,נחלקה
4455,לוותר
4456,נתגלו
4457,צפוני
4458,מגבול
4459,וסבון
4460,הננשך
4461,מרפאת
4462,מכונה
4463,ספירת
4464,שהלול
4465,שלוחה
4466,מקשרת
4467,מאותו
4468,מקלחת
4469,פגרים
4470,למערך
4471,מוטמן
4472,מכולת
4473,החווה
4474,הלהקה
4475,תיעוד
4476,עגלות
4477,מכולה
4478,במרחק
4479,ממבנה
4480,ייבוש
4481,ולבני
4482,רפואה
4483,לעסוק
4484,הזרוע
4485,כמזון
4486,רעלים
4487,הנחלת
4488,גיבוי
4489,מקיים
4490,שכנות
4491,ומחלת
4492,מסכנת
4493,מיתקן
4494,משמשת
4495,החוקה
4496,ומשפט
4497,בטחון
4498,וחברת
4499,המצוי
4500,מוקלט
4501,מוסרט
4502,מצולם
4503,האזנה
4504,וצורת
4505,שהגיע
4506,לכנסת
4507,שפיטה
4508,תוכנו
4509,ספורט
4510,מעמדן
4511,טובין
4512,הממלא
4513,ובאין
4514,שליטת
4515,התאגד
4516,תעמיד
4517,שבידי
4518,לגביה
4519,ולגבי
4520,תפרסם
4521,יכלול
4522,והסבר
4523,ואולם
4524,וחוקי
4525,שיקבע
4526,לענין
4527,נפלטו
4528,נשפכו
4529,סולקו
4530,הפנים
4531,הוסמך
4532,תודיע
4533,שיהוי
4534,יאוחר
4535,הסמיך
4536,ונימק
4537,הארכת
4538,הארכה
4539,הענין
4540,שתפרט
4541,תיידע
4542,זכותו
4543,לעתור
4544,מצריך
4545,נתקבל
4546,שנקטה
4547,לעיין
4548,קבלתו
4549,דחותה
4550,בידיה
4551,למסרו
4552,תמסור
4553,הועדה
4554,שמחוץ
4555,נאמרו
4556,פנימי
4557,טיוטה
4558,ממשית
4559,חקירה
4560,למשפט
4561,עניני
4562,ונושא
4563,בצנעת
4564,בפסקה
4565,בחופש
4566,זהותם
4567,הביעו
4568,העילה
4569,השמטת
4570,תציין
4571,תחולה
4572,נתבקש
4573,שוקלת
4574,מתנגד
4575,נימוק
4576,יבואו
4577,במנין
4578,תמציא
4579,עתירה
4580,התנגד
4581,מוותר
4582,שהחוק
4583,לחימה
4584,המוסד
4585,שעיקר
4586,למחקר
4587,מדיני
4588,משטרת
4589,הסוהר
4590,ומערך
4591,במצבו
4592,מסמכי
4593,המאבק
4594,והכול
4595,תיקבע
4596,משישה
4597,לגנזך
4598,דיוני
4599,תידון
4600,בדונו
4601,לידיו
4602,לשמוע
4603,העותר
4604,לדעתו
4605,וגובר
4606,ירשום
4607,יתקין
4608,בענין
4609,הדפסה
4610,יימסר
4611,דינים
4612,המתיר
4613,חיקוק
4614,האוסר
4615,מסדיר
4616,וסיוע
4617,חניית
4618,כטיסה
4619,הנקוב
4620,בטיסה
4621,להטיס
4622,הנפיק
4623,מארגן
4624,כבודה
4625,שנותן
4626,המזכה
4627,לנוסע
4628,לטיסה
4629,בדלפק
4630,בידוק
4631,הוקצה
4632,והובא
4633,ידיעת
4634,הנוסע
4635,משלוש
4636,המראת
4637,המראה
4638,שאליה
4639,ליעדו
4640,הסופי
4641,שהייה
4642,שתכנן
4643,המלון
4644,בפסקת
4645,האפשר
4646,ישולם
4647,המחאה
4648,הסכים
4649,ובכתב
4650,הוסכם
4651,מהיעד
4652,יחושב
4653,למרחק
4654,ולסוג
4655,התקשר
4656,בהסכם
4657,המסרב
4658,יבדוק
4659,המוכן
4660,מקומו
4661,תוסכם
4662,שאישר
4663,שהציע
4664,ואינו
4665,בידיו
4666,שסירב
4667,נערכה
4668,ובתום
4669,מנותן
4670,היותר
4671,מארבע
4672,משבעה
4673,הוצעה
4674,שנבצר
4675,שביתה
4676,חילול
4677,לפניו
4678,ופחות
4679,שהוצע
4680,הוקדם
4681,וקיבל
4682,נקובה
4683,ידרוש
4684,ששילם
4685,השווה
4686,מוכפל
4687,הועבר
4688,שרשות
4689,לפסוק
4690,טיסתו
4691,בבואו
4692,יתחשב
4693,שנגרם
4694,הרתעה
4695,חומרת
4696,שבקשה
4697,כדורי
4698,הקרוב
4699,מכפלה
4700,יידוע
4701,מודעה
4702,מפרטת
4703,הקדמת
4704,ונותן
4705,ובדבר
4706,שמוכר
4707,שממנו
4708,לאותן
4709,והיעד
4710,צווים
4711,ההיתר
4712,מטעמו
4713,הובאו
4714,שמיום
4715,בספקה
4716,הפליה
4717,בידור
4718,הספקת
4719,אגודת
4720,כבאות
4721,והצלה
4722,הארחה
4723,מסעדה
4724,מופעי
4725,ספריה
4726,בריכת
4727,קניון
4728,המציע
4729,רכבות
4730,אניות
4731,השכרת
4732,ייחשב
4733,כמקום
4734,שלילת
4735,עילות
4736,מינית
4737,השקפה
4738,הורות
4739,לבישת
4740,ענידת
4741,סמלים
4742,הבחנה
4743,תמורת
4744,ונעשה
4745,גברים
4746,מפלות
4747,אסורה
4748,עוולה
4749,הוכחת
4750,חזקות
4751,הנתבע
4752,שבירר
4753,נמנים
4754,בקיום
4755,שתוגש
4756,שאסור
4757,ידיעה
4758,העובר
4759,הרשיע
4760,לצוות
4761,שאותו
4762,הדיון
4763,בשירה
4764,המבצע
4765,נגינה
4766,במחול
4767,טביעה
4768,שידור
4769,כלשהו
4770,לשעתק
4771,מראות
4772,שעתוק
4773,למבצע
4774,מעשים
4775,ייעשו
4776,משודר
4777,המשדר
4778,מטביע
4779,השכרה
4780,שחברי
4781,תמלוג
4782,השמעה
4783,והצגה
4784,היציג
4785,ייקרא
4786,סילוף
4787,פגימה
4788,למשדר
4789,שחובה
4790,הנעשה
4791,פרקים
4792,הופרה
4793,מהקנס
4794,בהפצה
4795,מפרים
4796,הותרה
4797,נעברה
4798,חובתו
4799,המשרה
4800,ופקיד
4801,ציווה
4802,נתפסו
4803,החסנה
4804,ערובה
4805,להנחת
4806,חילוט
4807,תשעים
4808,לבטלו
4809,מוצדק
4810,שבעים
4811,תקליט
4812,שבשנת
4813,כעובד
4814,מעביד
4815,ובידי
4816,משטרה
4817,לשדרו
4818,לטבעו
4819,באמנה
4820,לאמנה
4821,שנכרת
4822,מתקין
4823,היצרן
4824,יבואן
4825,עטיפה
4826,למוצר
4827,שייצר
4828,יחזיר
4829,לעוסק
4830,נפגמו
4831,תווית
4832,הוסרה
4833,ההסכם
4834,קצובה
4835,בעסקה
4836,בתקנה
4837,החלפה
4838,נתינה
4839,שאצלו
4840,זכיין
4841,בעסקו
4842,בתקנת
4843,שזוכה
4844,יודיע
4845,העוקב
4846,וחויב
4847,הורכב
4848,יוצרו
4849,הקלטה
4850,שכפול
4851,הלבשה
4852,תכשיט
4853,בילוי
4854,שיצאה
4855,כיוצא
4856,בתווי
4857,מגנטי
4858,במתנה
4859,המעיד
4860,ולמעט
4861,המנוי
4862,חקירת
4863,דיסקט
4864,אגירה
4865,המופק
4866,חזותי
4867,תועדה
4868,הקצין
4869,ממלאי
4870,לחקור
4871,הקלטת
4872,החשוד
4873,תתנהל
4874,בשפתו
4875,ודובר
4876,השוטר
4877,לנהלה
4878,בתחנה
4879,לתחנה
4880,מהלכה
4881,לחשוד
4882,שישקף
4883,ייערך
4884,החלים
4885,הפרתם
4886,העדות
4887,תתועד
4888,יתועד
4889,מנויה
4890,לשוטר
4891,וכתוב
4892,המקשה
4893,וסעיף
4894,פיסית
4895,נפשית
4896,שכלית
4897,שחזור
4898,לתעדה
4899,יצורף
4900,בפניו
4901,יוסבר
4902,והליך
4903,הצפיה
4904,תמליל
4905,תמלול
4906,שהוצא
4907,החלתה
4908,יוציא
4909,להחיל
4910,יתנהל
4911,בריות
4912,לבזות
4913,במשלח
4914,מוצאו
4915,מדרכי
4916,הנפגע
4917,והכתב
4918,הובעה
4919,הטוען
4920,מקצתן
4921,אישום
4922,נכדים
4923,אחיות
4924,לנפגע
4925,הזכאי
4926,במשפט
4927,עותקי
4928,החרמה
4929,הכחשה
4930,הנאשם
4931,שמקצת
4932,משלבי
4933,שהביא
4934,לעורך
4935,בעתון
4936,מדפיס
4937,ומפיץ
4938,הופעה
4939,הדפוס
4940,הודפס
4941,הגנות
4942,המוגן
4943,שנאמר
4944,ועידה
4945,ממרשם
4946,ממסמך
4947,התירה
4948,תישלל
4949,שבינו
4950,שאליו
4951,הופנה
4952,מעשיו
4953,מדעית
4954,בקורת
4955,פומבי
4956,היותו
4957,הגשתה
4958,לגנות
4959,שיבחן
4960,הוקלט
4961,האמין
4962,כותרת
4963,הבלטה
4964,חתומה
4965,הפרכה
4966,להתיר
4967,שעליו
4968,התנצל
4969,הכחיש
4970,הפצתו
4971,האסור
4972,לאסור
4973,הגשתם
4974,יאסור
4975,לירות
4976,ללשון
4977,הרשעת
4978,המתקת
4979,שוכנע
4980,עדותו
4981,המופץ
4982,נדפסה
4983,שנדון
4984,שמשפט
4985,השאיר
4986,רצונם
4987,נפתחה
4988,שהוגש
4989,שהאדם
4990,שאותה
4991,הנוסח
4992,נפגעי
4993,כבודו
4994,הידוע
4995,וניהל
4996,הנוער
4997,שחשוד
4998,שפגעה
4999,שנאשם
5000,נידון
5001,שנגזר
5002,החוקר
5003,תנוהל
5004,ששופט
5005,ובתוך
5006,וברוח
5007,האמנה
5008,ומפני
5009,בביתו
5010,ימסרו
5011,לנאשם
5012,סנגור
5013,שבשלה
5014,נמסרו
5015,כנפגע
5016,ייכלל
5017,השרים
5018,שביקש
5019,השניה
5020,יידעו
5021,בהסדר
5022,בסימן
5023,ולקבל
5024,המחוז
5025,העיון
5026,ההעתק
5027,מאסרו
5028,עינוי
5029,ייחקר
5030,המיני
5031,חסיון
5032,להסרת
5033,השגחה
5034,מנפגע
5035,הראיה
5036,נחוצה
5037,שלשמה
5038,וייתן
5039,בהיות
5040,שקילת
5041,עמדתו
5042,ויתור
5043,שראיה
5044,להביע
5045,הקטין
5046,הורהו
5047,לקטין
5048,מעמדת
5049,לחוקר
5050,מעורב
5051,שעובד
5052,העביר
5053,ההורה
5054,לייצג
5055,לתובע
5056,במעצר
5057,יחליט
5058,מיוצג
5059,בקשתו
5060,יחקור
5061,ונפגע
5062,הטרדה
5063,הנערך
5064,טיעון
5065,מתגבש
5066,התגבש
5067,קוימו
5068,הצהרת
5069,הצהרה
5070,נגרמו
5071,הצפוי
5072,חנינה
5073,מנשיא
5074,למותו
5075,דגימה
5076,הכשרה
5077,מגופו
5078,ייטול
5079,הוסבר
5080,לערכה
5081,מבטיח
5082,בערכה
5083,הופקו
5084,משמעה
5085,שמלאו
5086,בטובת
5087,גופני
5088,הנפשי
5089,במאמץ
5090,שלדעת
5091,ניטלה
5092,תישמר
5093,תושמד
5094,בניסן
5095,שמורה
5096,במוסד
5097,ובשפה
5098,בשפות
5099,סיוון
5100,יוקמו
5101,מספרם
5102,שקבעו
5103,נשלחו
5104,יוחלו
5105,ההחלה
5106,החלתם
5107,תושלם
5108,הוחלו
5109,בתמוז
5110,לועדת
5111,מכוחה
5112,שסעיף
5113,תוחלף
5114,ליישר
5115,טעונה
5116,והקרן
5117,הקימת
5118,הקניה
5119,לזרים
5120,שזכאי
5121,שפועל
5122,שנוסד
5123,נוסדו
5124,אורגן
5125,שזכות
5126,ליושב
5127,זיקתו
5128,וקרבה
5129,יוקנו
5130,שנקנו
5131,תירשם
5132,פנקסי
5133,בטלות
5134,מצוות
5135,למענה
5136,משרדה
5137,עסקיה
5138,הכונס
5139,הרשהו
5140,תאומת
5141,תצורף
5142,ימציא
5143,לחברה
5144,וערוך
5145,מהגשת
5146,לכונס
5147,פקדון
5148,יפקיד
5149,שיורה
5150,יצווה
5151,מקדמה
5152,תקובל
5153,והעתק
5154,משתתף
5155,מבקשת
5156,בבקשת
5157,הנדפס
5158,הוצגה
5159,שהרשם
5160,יורשה
5161,שמסרו
5162,הרוצה
5163,מאומת
5164,ויפרט
5165,יומצא
5166,הרשאי
5167,נדחתה
5168,הוציא
5169,יתמנה
5170,כמפרק
5171,המפרק
5172,תיראה
5173,בזדון
5174,סילוק
5175,למפרק
5176,שסיים
5177,הנוסף
5178,מיגזר
5179,וישלח
5180,ויוגש
5181,עתקים
5182,ממגיש
5183,שהכין
5184,אישרן
5185,אסיפת
5186,שמתוך
5187,תיפגע
5188,מועמד
5189,נחלקו
5190,הדעות
5191,להצעת
5192,הצעות
5193,שנדרש
5194,לתיתה
5195,תיערך
5196,תופקד
5197,לנכות
5198,שעבוד
5199,שבידו
5200,צויין
5201,כפקיד
5202,יפעיל
5203,ויבצע
5204,העסקת
5205,מעסיק
5206,מחמשה
5207,ממעשה
5208,שהודע
5209,הורשה
5210,בתכוף
5211,שיראה
5212,נתמנה
5213,לחקרו
5214,ובשעה
5215,תביעת
5216,מועדה
5217,שימצא
5218,הוזמן
5219,תסקיר
5220,ורשאי
5221,תומצא
5222,למשיב
5223,השמעת
5224,כראיה
5225,המשיב
5226,שכנגד
5227,טובות
5228,לקצוב
5229,לאצול
5230,מערער
5231,המצאה
5232,המצאת
5233,איזור
5234,וסיבת
5235,שהיתה
5236,ככונס
5237,ואגרת
5238,כונסי
5239,תשולם
5240,מהשכר
5241,לשלמם
5242,בפעלו
5243,שנכסי
5244,ישמשו
5245,טרחתו
5246,אישרם
5247,לשלמן
5248,מרצון
5249,נתבעו
5250,נשארו
5251,מנכסי
5252,שבמשך
5253,נדרשו
5254,עובדת
5255,היותה
5256,לערכו
5257,שיבוש
5258,מתקפו
5259,נבחרו
5260,גניזת
5261,שיעשה
5262,האזנת
5263,דיבור
5264,ברדיו
5265,שהמסר
5266,הנותן
5267,זולתו
5268,לשיחת
5269,אלחוט
5270,בדרגת
5271,מאזין
5272,בתכנה
5273,הושגו
5274,המציב
5275,לשלול
5276,כחוקר
5277,לפסלו
5278,רשיון
5279,שנשלל
5280,פסילה
5281,הפעיל
5282,הצבאי
5283,שענין
5284,שרשאי
5285,בטעות
5286,השיחה
5287,לשיחה
5288,נעשות
5289,ודינן
5290,מצנעת
5291,אישות
5292,ומקום
5293,הותרו
5294,תפורש
5295,נתינת
5296,ליועץ
5297,ידווח
5298,לועדה
5299,מסווג
5300,ונחשף
5301,שמידת
5302,נשקלו
5303,שסווג
5304,דיחוי
5305,חסויה
5306,תאושר
5307,למפרע
5308,הנשיא
5309,ומטעם
5310,נציגו
5311,מינהו
5312,בציון
5313,נקלטה
5314,תופסק
5315,הקשבה
5316,שלשמן
5317,החומר
5318,גלויה
5319,צנזור
5320,טלגרף
5321,חובבי
5322,שעדות
5323,שעורך
5324,שבאחד
5325,עיסקת
5326,הסמים
5327,העשוי
5328,יימחק
5329,תימחק
5330,תעתיק
5331,התבקש
5332,השתמש
5333,הושגה
5334,קבילה
5335,באמור
5336,מטענה
5337,אצילה
5338,שהושג
5339,האישה
5340,מעשרה
5341,הוטרד
5342,נילון
5343,תקנון
5344,יבהיר
5345,הסברה
5346,יעמיד
5347,יתאים
5348,הותאם
5349,וימנה
5350,האנוש
5351,והסדר
5352,מסיבה
5353,לממלא
5354,התמנה
5355,ותקנה
5356,שמגיש
5357,יחתום
5358,לדרכי
5359,כבודם
5360,ועדים
5361,הרחקת
5362,שנראה
5363,לקבלן
5364,המעשה
5365,נגרמה
5366,וקבלן
5367,יערוך
5368,מהרכב
5369,תכונה
5370,ממקום
5371,לומדה
5372,ועובד
5373,ימונו
5374,יימנו
5375,אקדמי
5376,במהות
5377,מגדרי
5378,מכינה
5379,צהרון
5380,לקיום
5381,מטעמה
5382,ומחיר
5383,ייחתם
5384,והזנה
5385,יעסיק
5386,מזיקה
5387,בעובד
5388,יפוטר
5389,לנוגע
5390,קוימה
5391,יתקשר
5392,שהציג
5393,ימכור
5394,וזמין
5395,מסופק
5396,ישמור
5397,הוחלף
5398,ייגבה
5399,השוהה
5400,תקורה
5401,באמות
5402,המידה
5403,לאמות
5404,המרבי
5405,תותנה
5406,יסמיך
5407,יוסמך
5408,שהורה
5409,הזדהה
5410,ומענו
5411,המזהה
5412,מופעל
5413,למפקח
5414,הפריע
5415,שלפיה
5416,תיגרם
5417,התנאי
5418,להורי
5419,לאתרם
5420,שקידה
5421,השלום
5422,יידון
5423,יציין
5424,המחדל
5425,כהפרה
5426,נטענו
5427,והפרה
5428,בהפרה
5429,מהפרה
5430,סכומו
5431,ועוכב
5432,יעוגל
5433,הפרשי
5434,הצמדה
5435,פסיקת
5436,לאוצר
5437,והורה
5438,יוחזר
5439,מנועה
5440,ינקוט
5441,שהמפר
5442,ופטור
5443,נשכרו
5444,הצבעה
5445,שלוות
5446,חירות
5447,מטריד
5448,מאיים
5449,בילוש
5450,במארב
5451,בבתים
5452,ושבית
5453,לנוער
5454,יפורש
5455,מעשות
5456,התנהג
5457,בגופו
5458,שבשלו
5459,יסויג
5460,לאיים
5461,לבלוש
5462,לארוב
5463,מרכבו
5464,מדירת
5465,שהנשק
5466,במפעל
5467,שיכיל
5468,שלומו
5469,המפעל
5470,יימנע
5471,מלדון
5472,נטענה
5473,במקור
5474,וחייב
5475,המגיש
5476,יצלמו
5477,המוזל
5478,לעולה
5479,בודקת
5480,שהיית
5481,עברות
5482,שבתון
5483,התשלם
5484,יתבצע
5485,בשובר
5486,למענק
5487,הוקמו
5488,והגשת
5489,מיסים
5490,הקימו
5491,שפרטי
5492,מבקשי
5493,מגישי
5494,פעילה
5495,שילמה
5496,מחושב
5497,לאחוז
5498,יוכפל
5499,נפסלו
5500,ודרגת
5501,מדרגת
5502,דרגות
5503,עצמכם
5504,שלחתם
5505,הדפסת
5506,כלשהי
5507,לטבלת
5508,לדרגת
5509,ההצרה
5510,והפקת
5511,החליף
5512,עוברת
5513,מזמין
5514,למבחן
5515,עיוני
5516,ממבחן
5517,נשמרת
5518,במבחן
5519,התחלת
5520,בחוקי
5521,כתובה
5522,מלקות
5523,סגנון
5524,שישפר
5525,לפונה
5526,מענים
5527,נולדו
5528,העליה
5529,בהבנת
5530,מבדקי
5531,המבדק
5532,תמרון
5533,למורה
5534,עמידת
5535,במכסת
5536,שמאשר
5537,המעשי
5538,מדווח
5539,שיבוץ
5540,עדשות
5541,לנבחן
5542,הנבחן
5543,מסיום
5544,להבחן
5545,תדפיס
5546,לתקנה
5547,ויקבל
5548,יישלח
5549,בחובת
5550,להסיע
5551,שישמש
5552,כמספר
5553,נהגים
5554,תיבדק
5555,סיימו
5556,עמותת
5557,שיודע
5558,תצולם
5559,מחלתם
5560,ומבקש
5561,מילדי
5562,בחזקת
5563,באגרת
5564,להנחה
5565,החניה
5566,חולון
5567,תטופל
5568,לשמשה
5569,קדמית
5570,שנגנב
5571,שנרכש
5572,סוכות
5573,לשיוך
5574,במעון
5575,הנחות
5576,הורית
5577,סייעת
5578,למעון
5579,מסכני
5580,שאלון
5581,למצבו
5582,מרופא
5583,תפוגה
5584,המעון
5585,במסמך
5586,טיפות
5587,אפיפן
5588,גיוסם
5589,להורה
5590,ולספק
5591,בזמני
5592,המוכר
5593,מהאגף
5594,לרשום
5595,רכזות
5596,כיתות
5597,נרשמם
5598,הקבלה
5599,שהילד
5600,שיפוג
5601,מתריע
5602,לשייך
5603,בתיבת
5604,קבצים
5605,תחתית
5606,סיסמא
5607,עורכי
5608,חוברת
5609,כנגדם
5610,שדינו
5611,משכון
5612,שטרות
5613,יבוטל
5614,הזוכה
5615,שתובע
5616,מסכים
5617,בהגשה
5618,תמתין
5619,קבלתה
5620,כבישי
5621,והתיק
5622,ייסגר
5623,תעובר
5624,וועבר
5625,שגרים
5626,האצבע
5627,הספרה
5628,מקופת
5629,השומה
5630,מאגרה
5631,זכאית
5632,ימנעו
5633,עבורן
5634,והצגת
5635,שסגרה
5636,תיקיה
5637,סורבה
5638,סווגה
5639,חידשה
5640,בקומת
5641,ישתנה
5642,חוסלה
5643,פטורה
5644,אחורה
5645,למרכז
5646,לאגרה
5647,המסכם
5648,ולכנס
5649,כונסה
5650,בנוסח
5651,תיחתם
5652,שהוצג
5653,תידחה
5654,שצורף
5655,מומשו
5656,יידחה
5657,לנאמן
5658,שותפה
5659,לחובת
5660,הרצוי
5661,שלפיו
5662,הוספה
5663,ולאמת
5664,קריאת
5665,בעיון
5666,מזורז
5667,תחוסל
5668,שבסדר
5669,נכללה
5670,המכהן
5671,היחיד
5672,לפירו
5673,ובקשת
5674,הישות
5675,בוטלו
5676,מלפני
5677,מפרטי
5678,ממרכז
5679,כנאמן
5680,המסמך
5681,מנאמן
5682,נלווה
5683,המרשם
5684,שמנהל
5685,כמסמך
5686,לפרוע
5687,ויקבע
5688,בתיקי
5689,שנפתח
5690,ולשלם
5691,צוינו
5692,סמוכה
5693,רשומה
5694,יודפס
5695,וימסר
5696,ומהיר
5697,יחודש
5698,השמדה
5699,מהרגע
5700,במוסך
5701,המוסך
5702,יצייד
5703,כקצין
5704,קציני
5705,חניכי
5706,בקורס
5707,סיעוד
5708,הקפיא
5709,ממולא
5710,נשלחה
5711,ומבחן
5712,לגמלת
5713,יצטרך
5714,ממוען
5715,ומכתב
5716,והלאה
5717,בזרוע
5718,זמינה
5719,דינור
5720,טעינת
5721,ברוטו
5722,שחלות
5723,תקנים
5724,לייזר
5725,נכללו
5726,למשקה
5727,המנדט
5728,בריטי
5729,מכוני
5730,שבאתר
5731,רעננה
5732,לאשרת
5733,אשרות
5734,השבות
5735,שאומת
5736,מאשרה
5737,רפואת
5738,יעברו
5739,יחתמו
5740,ונועד
5741,שהוזן
5742,יתכנו
5743,תתעכב
5744,שמספר
5745,הנמסר
5746,שיגרם
5747,המעכב
5748,לעמדת
5749,שנישא
5750,שנבחר
5751,נהריה
5752,יוחלף
5753,לעצמו
5754,ולשאת
5755,שנשאו
5756,הרכשה
5757,מהנכס
5758,כנגדו
5759,בצירף
5760,נצריך
5761,ילדיו
5762,מתקצר
5763,שיחסר
5764,שדינם
5765,השהות
5766,כיחות
5767,שבתיק
5768,תופנה
5769,בכספת
5770,לצרפו
5771,תלושי
5772,ויהיה
5773,תוסיף
5774,תוציא
5775,יישאר
5776,ירושה
5777,ואומת
5778,באגרה
5779,צוואה
5780,והבאת
5781,מושבו
5782,מוריש
5783,הנפטר
5784,למחוז
5785,המנוח
5786,תעבור
5787,נדרשה
5788,נשרים
5789,ארכיב
5790,ורוצה
5791,התנהל
5792,הגעתו
5793,ירייה
5794,מזכרת
5795,שמבקש
5796,מושבת
5797,תבחין
5798,מתמנה
5799,שעוקל
5800,מהרשם
5801,מובהר
5802,נתמכת
5803,בחוות
5804,הסמוך
5805,מונפק
5806,לבגיר
5807,ונוסח
5808,למקלט
5809,הופסק
5810,ימולא
5811,כהלכה
5812,במתקן
5813,שיפנו
5814,בקשתם
5815,שעדכן
5816,וויתר
5817,חבישת
5818,מסיכת
5819,שיגיע
5820,יופנה
5821,ראיון
5822,אחריו
5823,מאגרת
5824,דודים
5825,וימצא
5826,עיתון
5827,הנשלח
5828,העתקי
5829,להעתק
5830,הקובץ
5831,ידנית
5832,דתיים
5833,בצווי
5834,לחייג
5835,ימונה
5836,הכרעת
5837,למגיש
5838,ממחוז
5839,לפגוש
5840,זכייה
5841,הגביה
5842,ממאסר
5843,ומצאת
5844,השובר
5845,הפסקה
5846,לזוכה
5847,הנדסי
5848,ונוהג
5849,שנוהג
5850,כמנהג
5851,וחלפו
5852,מניין
5853,וידוע
5854,וטופס
5855,פיצול
5856,ומענק
5857,בלויה
5858,נושאת
5859,תוחזר
5860,לאנשי
5861,ייפסק
5862,תקפים
5863,נבטים
5864,קריית
5865,מדרום
5866,הרוחב
5867,בדיור
5868,ינפיק
5869,ומפרט
5870,תוקפה
5871,מילגם
5872,עמידר
5873,החורג
5874,הרחקה
5875,כאישה
5876,נפגעת
5877,מקצבת
5878,קשריו
5879,שעונה
5880,בדירה
5881,שקודם
5882,לקצבת
5883,נאצים
5884,ומצבם
5885,רבנות
5886,ופתחו
5887,ופעלו
5888,גישור
5889,ומדמי
5890,מהבעל
5891,חסרות
5892,מזכים
5893,במקלט
5894,לנשים
5895,נשקפת
5896,מוכות
5897,תיווך
5898,פושטי
5899,שמפאת
5900,לעונש
5901,לרצות
5902,העונש
5903,עמדתם
5904,הענקת
5905,לשולח
5906,נצברו
5907,בפטור
5908,מיידע
5909,ותוקף
5910,המכסה
5911,במכסה
5912,למכסה
5913,נשיאת
5914,מאבטח
5915,בוגרי
5916,מטווח
5917,והספח
5918,רענון
5919,פשטות
5920,קליעה
5921,דווחה
5922,מגורם
5923,מסוחר
5924,משומש
5925,צוינה
5926,חיילי
5927,בהצגת
5928,מדביר
5929,וישנם
5930,שישנן
5931,בוותק
5932,הפריש
5933,להערך
5934,המונה
5935,מזכיר
5936,שמינו
5937,אטליז
5938,נקייה
5939,מהבשר
5940,מופשר
5941,משויש
5942,צהבהב
5943,מיושן
5944,יישון
5945,בהכנת
5946,משטחי
5947,וכלים
5948,בנתחי
5949,ניזון
5950,ונוטה
5951,שנשחט
5952,שנחתם
5953,נגרעו
5954,סלילת
5955,טבעית
5956,הריון
5957,נוצרת
5958,חפיפה
5959,גמילת
5960,כפרות
5961,מרומי
5962,הגולן
5963,גלבוע
5964,ולצדה
5965,וגרמו
5966,עזיבה
5967,יסתכם
5968,הוקצו
5969,נאמדה
5970,מסורת
5971,מקורם
5972,כנימת
5973,קליפה
5974,תכשיר
5975,להזנה
5976,לברזל
5977,ניעור
5978,עקירה
5979,וורוד
5980,סיבים
5981,הכחדת
5982,הצנעת
5983,תחמיץ
5984,הקציר
5985,הנאסף
5986,כוורת
5987,משלים
5988,אשלים
5989,בגוני
5990,שוקדת
5991,החדרת
5992,משמרי
5993,כיסוח
5994,ושומר
5995,שייעל
5996,יקטין
5997,העונה
5998,עיוות
5999,מקנות
6000,ממוקד
6001,הפרדס
6002,הנבחר
6003,בעגלת
6004,רופפת
6005,שתמנע
6006,לטפטף
6007,שראוי
6008,החזיק
6009,להפיץ
6010,יהרוג
6011,שבשאר
6012,תוכיח
6013,שהבשר
6014,לחצתם
6015,תמרור
6016,וסכין
6017,הכנות
6018,נוסקת
6019,לכמעט
6020,מובחר
6021,לגלוש
6022,תדמית
6023,ירוקה
6024,שקדמה
6025,מהקרן
6026,יתאמו
6027,ותקבל
6028,מועדת
6029,גרסתו
6030,שמיעת
6031,האריך
6032,ונתון
6033,יוקרה
6034,חווית
6035,המבקר
6036,הנופש
6037,קפיצה
6038,נפתחו
6039,הנחשד
6040,ולתעד
6041,לחלות
6042,בערים
6043,פצעים
6044,גלדים
6045,פציעת
6046,נשירת
6047,חבלות
6048,מוגזם
6049,המתחם
6050,מכלאה
6051,הפנוי
6052,שבשטח
6053,לביצי
6054,וביצי
6055,הלינה
6056,כביצי
6057,סיכול
6058,גודלו
6059,והחלק
6060,מאונך
6061,למצבי
6062,הציפה
6063,ההולך
6064,כמעין
6065,נשארת
6066,ונמוך
6067,קמטים
6068,לרחוץ
6069,מחדיר
6070,נגעתם
6071,עקרון
6072,לבנות
6073,במשנה
6074,שנצפה
6075,ועצות
6076,גודלן
6077,שנקרא
6078,פגמים
6079,בהצבת
6080,הסימן
6081,וברגע
6082,החתמה
6083,בגוון
6084,החתמת
6085,לביצה
6086,מהדיו
6087,אמיתי
6088,לקרות
6089,שבתוך
6090,לתוכן
6091,העצות
6092,המגנה
6093,ורצוי
6094,סדירה
6095,והאדם
6096,העטין
6097,המופע
6098,קליני
6099,המוות
6100,אנדמי
6101,היעיל
6102,לשפעת
6103,נדידת
6104,משמיד
6105,מבודד
6106,ומטיל
6107,כמאגר
6108,ומשנת
6109,השועל
6110,וחסרי
6111,מוחדר
6112,טפטוף
6113,שמרחק
6114,מהראש
6115,לדלקת
6116,הופרש
6117,התרבה
6118,הנגוע
6119,והופך
6120,רתיעה
6121,נצפים
6122,לקשור
6123,הסגרת
6124,יעצור
6125,וימנע
6126,שנשכה
6127,לשוטט
6128,הגופה
6129,שתוקף
6130,לגופו
6131,מוסגר
6132,ושמור
6133,משוטט
6134,תוארך
6135,יושמד
6136,יבודד
6137,הנשחט
6138,החמרת
6139,התפתח
6140,בטבלת
6141,צבעים
6142,גלומה
6143,אפיון
6144,הכמות
6145,למגדל
6146,ויעדי
6147,כבסיס
6148,כתיבת
6149,חרבות
6150,איתכם
6151,עיגון
6152,מעמדה
6153,תקומה
6154,ומחקר
6155,מיפוי
6156,המשאב
6157,ינוהל
6158,ולמנף
6159,קנויה
6160,שמנים
6161,נלקחו
6162,ובשתי
6163,עשהאל
6164,אגפים
6165,גרשון
6166,לסייר
6167,ואינן
6168,להגיב
6169,שותים
6170,מיגון
6171,לזרום
6172,מורגש
6173,שאפקט
6174,ישכבו
6175,ינשמו
6176,הצעיר
6177,במזרן
6178,הלחתה
6179,נעוצה
6180,שבעבר
6181,למתקן
6182,שגרמה
6183,חצרים
6184,מהכלב
6185,יוחזק
6186,לשלוט
6187,וטיבה
6188,יגרום
6189,חקיקת
6190,למוות
6191,נארזת
6192,נאכפת
6193,ארוזה
6194,מהימן
6195,בחזית
6196,תשמור
6197,ונשים
6198,חרדים
6199,מחירה
6200,נקלעה
6201,שידעה
6202,נצטרך
6203,יפתחו
6204,לדאגה
6205,ולאמץ
6206,מוציא
6207,שכורה
6208,שמותר
6209,וציוד
6210,בכובד
6211,שעובר
6212,בללמד
6213,לטייל
6214,ואוהב
6215,תינוק
6216,לבואו
6217,מהישג
6218,תהפוך
6219,הקאות
6220,ולברר
6221,חלילה
6222,איבוד
6223,שמוצא
6224,תדאגו
6225,ביישן
6226,לביתם
6227,המפתח
6228,מחיצה
6229,חוויה
6230,במהרה
6231,עשיתם
6232,מתועד
6233,ראיתם
6234,כשאנו
6235,שנשאר
6236,שארית
6237,מורדם
6238,וחתול
6239,געגוע
6240,רגשות
6241,הפיזי
6242,שגדלו
6243,המטעה
6244,הקונה
6245,לסוגו
6246,נוספו
6247,כשתיל
6248,להזיז
6249,הנקבע
6250,נטיית
6251,תוחלת
6252,הבדלה
6253,ההקשר
6254,מרחבי
6255,שעצים
6256,נמדדת
6257,בנתיב
6258,מתכנן
6259,תשריט
6260,מגדיר
6261,תסומן
6262,בזירה
6263,יוצרה
6264,בבטחה
6265,נארזה
6266,שווקה
6267,ושהיא
6268,מגופי
6269,יושרת
6270,מופרת
6271,בדיוק
6272,ארכוש
6273,ההבדל
6274,שמונו
6275,ההשקה
6276,ומקדם
6277,ייהנו
6278,יהפכו
6279,תעניק
6280,לשנתי
6281,פקעות
6282,יסיעו
6283,ומשכך
6284,הרכיב
6285,בתוכם
6286,תפישת
6287,שיקדם
6288,מתוכו
6289,שיהוו
6290,הוגדר
6291,יסבסד
6292,יעמדו
6293,שעדין
6294,יבדקו
6295,התואם
6296,יאושר
6297,לעונה
6298,והכרה
6299,אחזקה
6300,שיענו
6301,בהאצה
6302,הוקטן
6303,ממונע
6304,וגנים
6305,הגעתם
6306,מרפסת
6307,מומחי
6308,ייתנו
6309,יביאו
6310,ובזרם
6311,שתילה
6312,העציץ
6313,להכות
6314,ייפרד
6315,השתיל
6316,יושקה
6317,כשישה
6318,ערוגת
6319,תושקה
6320,יושקו
6321,והשגת
6322,ויעיל
6323,נופית
6324,לבלוט
6325,יוסבו
6326,הקמתם
6327,ובקנה
6328,מפעלי
6329,תעשיה
6330,ומחוץ
6331,מתחמי
6332,לקלוט
6333,חתירה
6334,להציל
6335,מבעוד
6336,ובבני
6337,נושכו
6338,נחשפו
6339,טירוף
6340,לוקות
6341,קופסת
6342,המושך
6343,ומחסן
6344,ייאכל
6345,הדבקת
6346,הרשאת
6347,מתהלך
6348,דילול
6349,קפידה
6350,לפרוץ
6351,ולרוץ
6352,ניקלע
6353,במוות
6354,לחלוף
6355,למאבק
6356,עצירת
6357,הזולה
6358,למכלי
6359,פתחים
6360,חליפה
6361,שתיית
6362,בלולי
6363,מערמת
6364,לשלשת
6365,כלובי
6366,נסורת
6367,לספוג
6368,מכשור
6369,שאזור
6370,וירלי
